书名,作者,价格,出版社
 剪映真传：88招玩转短视频剪辑 全彩印刷 亿级流量博主多年实战经验总结。 抖音百万粉丝创作人视频剪辑技巧和剪辑思维剖析。,富索索,¥74.20,清华大学出版社
 和秋叶一起学 秒懂Excel（全彩版） Excel教程书籍，秒懂Word PPT职场办公技巧，70个Excel实用技巧解决表格数据处理分析问题，分类整理职场高频痛点问题，提高数据处理能力，附赠80个讲解视频、36套实战案例及300余套模板。,秋叶,¥37.40,人民邮电出版社
 小学生C++趣味编程 全国青少年信息学奥林匹克普及组竞赛教材一本真正适合小学生的信息学竞赛培训教材，赠配套教学资源，素材下载地址为：https://pan.baidu.com/s/1i7mvF6H,潘洪波,¥44.80,清华大学出版社
 浪潮之巅 第四版 数学之美 文明之光 大学之路 见识 态度 全球科技通史作者吴军博士作品 深度剖析信息产业 掌握下一个黄金十年 李开复作序推荐 来自谷歌的方法论 智能时代的行动指南,吴军,¥139.00,人民邮电出版社
 控制之美（卷2）——最优化控制MPC与卡尔曼滤波器 ,王天威,¥59.20,清华大学出版社
 Python编程 从入门到实践 第3版 Python编程入门经典，自学利器，数据分析、网络爬虫、机器学习、深度学习基础，基于Python 3.11升级，附赠配套视频、源代码、PPT课件、速查地图、学习路线图等资源,埃里克·马瑟斯,¥69.80,人民邮电出版社
 张静初推荐 有限与无限的游戏：一个哲学家眼中的竞技世界 1.改变了凯文·凯利KK一生的书。2.美团网创始人王兴忘情力荐。3.你想做但又停顿的任何事情，都可以从这本书中得到启发，找到答案。,James,¥68.00,电子工业出版社
 秒懂短视频剪辑 3000万粉丝短视频博主秋叶大叔新作，带你玩转短视频--视频剪辑篇，精心整理60+个剪辑技巧，附赠AI创作短视频工具及教程、上千种脚本文件及教学视频。,秋叶,¥37.40,人民邮电出版社
 C Primer Plus 第6版 中文版 C语言入门经典教程 C语言入门经典教程，畅销30余年的C语言编程入门书籍，近百万程序员的C语言编程启蒙教材，技术大牛案头常备的工具书，被誉为C语言百科全书，购书赠送价值99元的e读版电子书+在线编程环境,史蒂芬·普拉达,¥108.00,人民邮电出版社
 数学之美 第三版 浪潮之巅、文明之光、硅谷之谜、大学之路、见识作者吴军博士作品，源自谷歌黑板报，根植谷歌方法论，新增区块链、量子通信、人工智能知识，文津图书奖获奖书，数学学科敲门砖,吴军,¥39.80,人民邮电出版社
 秒懂短视频拍摄 3000万粉丝短视频博主秋叶大叔新作，带你玩转短视频--手机拍摄篇，精心整理47种典型拍摄技巧，附赠AI创作短视频工具及教程、上千种脚本文件及教学视频,秋叶,¥37.40,人民邮电出版社
 Excel最强教科书（完全版）教学视频+全彩印刷+案例文件 电子表格制作教书籍 零基础从入门到精通 函数高级会计数据透视 日本年度Excel图书*！问世两年印刷21次！销量突破27万册！“后悔没有早点知道”的办公秘笈一应俱全，堪称不变的经典，永远的传奇！5小时的工作10秒内即可搞定！,藤井直弥,¥68.50,中国青年出版社
 C++ Primer Plus 第6版 中文版 C++程序设计经典教程，畅销30年的C++大百科全书全新升级，经典C++入门教程十年新版再现，孟岩、高博倾力推荐，赠送价值99元的e读版电子书及在线实验环境，赠送大尺寸全书思维导图，赠199元训练营,史蒂芬·普拉达,¥118.00,人民邮电出版社
 信息学奥林匹克辞典 全国青少年信息学奥林匹克系列竞赛大纲详解 立足NOI大纲知识体系 严谨解析相关知识和概念 精要述评思想、方法和技巧 全面涵盖NOI考查内容,信息学奥林匹克辞典,¥66.00,机械工业出版社
 Python编程 从入门到实践 第2版 零基础学Python编程教程书籍，数据分析、网络爬虫、深度学习技能，畅销经典蟒蛇书升级版，附赠源代码、练习答案、学习视频、学习速查地图读者交流群等资源。,埃里克·马瑟斯,¥109.80,人民邮电出版社
 labuladong的算法笔记 ,付东来,¥119.00,电子工业出版社
 这就是ChatGPT！揭开AIGC神秘面纱！OpenAI CEO 山姆·阿尔特曼（Sam Altman）强烈推荐！ OpenAI CEO山姆·阿尔特曼（Sam Altman）强烈推荐，沉浸于神奇AI的海洋，与您一同探寻人工智能无尽可能性，与ChatGPT一同开启对话的奇妙旅程！,斯蒂芬·沃尔弗拉姆,¥59.80,人民邮电出版社
 Vlog短视频创作从新手到高手 千万级流量博主刘川多年实战总结。 脚本、音效等海量Vlog素材免费赠送。,刘川,¥79.00,清华大学出版社
 和秋叶一起学——秒懂Photoshop图像处理 PS入门教程，碎片化学习方式+字典式体例编排，精心整理热点技巧，提炼社群高频痛点，随用随查及时处理工作难题，赠送70套配套操作视频及练习文件,秋叶,¥39.50,人民邮电出版社
 SQL必知必会 第5版 SQL从入门到精通基础教程，深入浅出sql数据库原理与应用教程，2020升级，案例更新，增加章后挑战题，中文版累计销量15万+，麻省理工学院等众多大学的参考教材,本·福达,¥32.90,人民邮电出版社
 Origin科技绘图与数据分析 Origin科技绘图与数据分析，OriginLab技术服务经理作序推荐，中科院专家编撰，品质保证,丁金滨,¥96.70,清华大学出版社
" R语言实战（第3版） 获30万中文版读者认可与好评的数据分析教程重磅升级，给你入门R的""标准答案""。统计之都秘书长王小宁推荐阅读，有效学习统计分析及数据可视化的方法与技巧。",罗伯特,¥119.80,人民邮电出版社
 动手学深度学习（PyTorch版） 《动手学深度学习》全新PyTorch版本，李沐和亚马逊科学家阿斯顿·张等大咖作者强强联合之作，机器学习、深度学习领域重磅教程，交互式实战环境，配套资源丰富,阿斯顿·张,¥69.80,人民邮电出版社
 收割Offer:互联网大厂面经 对于后端程序员来说，这是一本让你获得大厂Offer的秘诀和宝典。,布兜,¥66.70,清华大学出版社
 鸟哥的Linux私房菜 基础学习篇 第四版 畅销Linux入门书升级版 鸟哥教你从入门到精通 适用Linux系统应用和开发及运维的人员 涵盖linux内核 命令行 嵌入式 Shell与Shell Scripts技巧精粹 基于CentOS 7.x,鸟哥,¥118.00,人民邮电出版社
 和秋叶一起学——Word Excel PPT办公应用从新手到高手 秋叶WordExcelPPT三合一2022新版全新上市，适用于Office各个主流版本，240分钟教学视频+1200套拿来即用的精美模板，结合实际工作场景与实战案例，助力职场提升。,秋叶,¥44.90,人民邮电出版社
 Midjourney人工智能AI绘画教程：从娱乐到商用 人工智能AI绘画教程：从娱乐到商用（AI人工智能绘画教程书 关键词prompt描述语技巧 AIGC绘图插画设计摄影视频制作）,雷波,¥88.00,化学工业出版社
 Vue.js 3+TypeScript完全指南 资深前端技术大佬coderwhy经验分享，全面介绍Vue.js 3和TypeScript前端开发技术及核心原理，手写Mini-Vue.js 3框架,王红元,¥159.00,电子工业出版社
 零基础学Python（Python3.10全彩版）编程入门 项目实践 同步视频 Python3.10全新升级！超20万读者认可的彩色书，从基本概念到完整项目开发，助您快速掌握Python编程。全程视频+完整源码+215道课后题+实物挂图+海量资源,明日科技,¥31.10,吉林大学出版社
" Origin科研绘图与学术图表绘制从入门到精通（签名版） 专业级Origin 2023科研绘图与学术图表绘制指南:以“二维、三维科技绘图+拟合与分析+数据与信号处理”的思路进行全方位讲解, 掌握科技绘图与学术图表绘制的核心技能。",谭春林,¥89.90,北京大学出版社
 Head First Java（中文版）（JAVA经典畅销书 生动有趣 轻松学好JAVA） 10年畅销经典，累计印刷30多次，畅销近30万册，计算机图书十大好书之一。,塞若,¥77.40,中国电力出版社
 算法竞赛（清华科技大讲堂） 一本算法竞赛大全，全面深入解析算法专题、数据结构、模板代码。10个专题，330个知识点，102个章节视频讲解。,罗勇军,¥126.00,清华大学出版社
 矩阵力量：线性代数全彩图解+微课+Python编程 鸢尾花书 从加减乘除到机器学习 Github/知乎数学可视化大神生姜博士作品 硬核品鉴数学之美,姜伟生,¥193.50,清华大学出版社
 C++ Core Guidelines解析 现代C++编程Best Practices的共识，C++ Core Guidelines的中文精准导读。C++创始人Bjarne Stroustrup、C++标准委员会主席Herb Sutter倾力推,赖纳·格林,¥96.00,清华大学出版社
 控制之美（卷1）——控制理论从传递函数到状态空间 本书的目标是以简单的语言讲述复杂的知识，希望本书可以引起读者对控制理论的兴趣，并掌握控制理论的核心精神所在，为未来深入学习其他相关知识打下基础。同时，本书是一本“实战性”很强的书籍，大部分章节以一个实,王天威,¥51.70,清华大学出版社
 CCF中学生计算机程序设计-入门篇 中国计算机学会推荐，CCF中学生计算机程序设计教材，noip竞赛参考书，中学生计算机编程经典教材，小学、初、高中计算机程序设计爱好者,中国计算机学会,¥30.10,科学出版社
 中文版Photoshop 2022从入门到精通（微课视频 全彩版）ps入门书籍 PS教程教材 摄影后期 图片后期 调色 PS2022新版，Adobe专家升级畅销书，手机扫码看421集PS视频教程+配套源文件，赠本书实例素材及其他实用设计素材、各种设计宝典及速查手册、PPT课件等,唯美世界,¥97.80,水利水电出版社
 word excel ppt从入门到精通 23年新版电脑办公软件学习wps office表格制作教程书计算机函数公式应用 团购电话:4001066666转6，全彩升级版，让你从新手到高手从入门到精通 word文档制作 excel公式与函数高效办公 ppt幻灯片极具说服力 手机扫码随时看教程,曾焱,¥49.80,广东人民出版社
 中小学C++编程项目学习创意课堂（微课版） 青少年编程零基础入门，一线信息技术老师通过50多个项目案例教孩子入门、掌握C++语言编程的方法与技巧。随书配有案例素材、源文件、答案、PPT课件、微课视频等立体化资源，获取地址见书前言二维码。,方其桂,¥60.20,清华大学出版社
 数学要素 全彩图解 + 微课 +Python 编程 Github/知乎数学可视化大神生姜博士全角度拆解“数学要素”。,姜伟生,¥178.50,清华大学出版社
 剪映视频剪辑/调色/特效从入门到精通（手机版+电脑版） 2023新版 剪映手机版+电脑版入门到精通，精选61个抖音、快手典型案例，短视频制作全流程讲解，附赠同步录播课程、114页拓展电子书及素材效果文件。,麓山剪辑社,¥79.80,人民邮电出版社
 深入理解计算机系统（原书第3版） IT图书领域的传奇图书，畅销全球的ICS核心教材，能让程序员脱胎换骨的书,兰德尔,¥90.40,机械工业出版社
 算法竞赛入门经典（第2版） 连续畅销多年精典算法好书！,刘汝佳,¥59.80,清华大学出版社
 机器学习 机器学习*修订版！人工智能领域中文的开山之作，大牛周志华教授带你全面揭开机器学习的奥秘。,周志华,¥75.60,清华大学出版社
 啊哈C语言！逻辑的挑战（修订版） 当当销量过万畅销书全新修订 超萌超简单的C语言入门教程,啊哈磊,¥26.90,电子工业出版社
 编程江湖——Python篇（青少年版） 零起点Python编程读物；以武侠故事为主体呈现编程知识；特级教师一线教学宝贵经验,王爱胜,¥51.00,清华大学出版社
 大话数据结构 溢彩加强版 超级畅销书彩色升华版，百万读者认可的趣味解读“数据结构+算法”，配合动效PPT课件，动态扫除难点。程杰作品，必属精品。,程杰,¥119.00,清华大学出版社
 Python编程三剑客第3版：Python编程从入门到实践第3版+快速上手第2版+极客项目编程（当当套装共3册） Python编程入门好书，自学利器，数据分析、网络爬虫、机器学习、深度学习基础，基于Python 3.11升级，附赠配套视频、源代码、PPT课件、速查地图、学习路线图等资源,埃里克·马瑟斯,¥267.80,人民邮电出版社
 深度学习 人工智能算法，机器学习奠基之作，AI圣经 AI圣经 deep learning中文版 2018年图灵奖获奖者作品 业内人称“花书” 人工智能机器学习深度学习领域奠基性经典畅销书,Goodfellow,¥168.00,人民邮电出版社
 数据密集型应用系统设计 英国剑桥大学分布式系统研究员力作，confluent CEO、微软CTO 联袂力荐，EMC资深架构师亲译。带你跨越从分布式理论到工程实践的鸿沟！大数据工程师、软件开发者图书!每章都有一张思维导图！,Martin,¥125.40,中国电力出版社
 【领券立减100】全3册办公软件从入门到精通word excel ppt轻松应对 办公软件教程 零基础电脑个人简历万能表 ,谭立新,¥128.00,汕头大学出版社
 人工智能：现代方法（第4版）（上下册） 系统性总结人工智能的方方面面，国际人工智能领域专家斯图尔特·罗素撰写人工智能百科书，时隔十年重磅更新，被全球全球1500多所学校采用的经典教材,斯图尔特·罗素,¥198.00,人民邮电出版社
 人工智能 AI绘画从入门到精通：文案+绘画+摄影+电商广告制作 人工智能 AI绘画从入门到精通 文案 摄影 电商广告制作 AI绘画教程书 Midjourney关键词prompt描述语技巧 stablediffusion AIGC创作教程 AIGC绘图插画设计摄影视,谷哥,¥78.00,化学工业出版社
 SolidWorks 2022完全实战技术手册 超值赠送： 92个视频文件，长达19小时 大量相关素材文件，容量高达13GB,黄建峰,¥74.20,清华大学出版社
 计算广告：互联网商业变现的市场与技术（第3版） 计算广告学教程，在线广告变现实用指南讲解计算广告与互联网变现秘密的专业图书升级版，北冥乘海生刘鹏老师力作众多互联网公司管理层与创业者联袂推荐的好书,刘鹏,¥99.80,人民邮电出版社
 Linux命令行与shell脚本编程大全（第4版） Linux领域口碑作品再度升级，中文版累计入库10万册，初学读者也能跟着写出自己的Shell脚本，书中丰富示例适用于Linux所有发行版，附赠书示例文件。,理查德·布卢姆,¥129.80,人民邮电出版社
 小学生C++趣味编程（第二版） 全新升级！全彩印刷，还原真实编程环境；视频讲解，培养自主学习能力。,潘洪波,¥74.20,清华大学出版社
 CCF CSP第一轮认证一本通 针对历年真题提供详细的分析，针对考试大纲提供丰富的练习，针对考试内容提供详尽的讲解。,丁向民,¥59.60,清华大学出版社
 STL源码剖析 源码之前，了无秘密。大师们的缜密思维、经验结晶、技术思路、独到风格，都原原本本体现在源码之中。,侯捷,¥77.40,华中科技大学出版社
 人月神话（纪念典藏版） 长销半个世纪的传奇经典，被引频次无出其右的软工神话。缅怀大师布鲁克斯，纪念典藏版，软件开发人员、软件项目经理、系统分析师等IT从业者必藏之软工圣经！,小弗雷德里克·P.布鲁克斯,¥73.50,清华大学出版社
 Linux设备驱动程序（第三版） Linux社区的领导者经典著作，畅销不衰的Linux开发精粹。累计印刷25次，销量逾80000册。,科波特,¥67.60,中国电力出版社
 计算机科学概论（第13版） 计算机科学基础理论导引数据科学导论 数据分析思维算法导论，全景式展现计算机科学，在保持学科广度的同时，兼顾主题深度，导论性教材的不二之选,格伦,¥66.70,人民邮电出版社
 零基础学数学建模 一线知名专家执笔，理论实践并重,国忠金,¥36.70,清华大学出版社
 Hadoop权威指南：大数据的存储与分析（第4版） 引领大数据与云计算，为读者创造巨大价值的高端技术类畅销书，累计销量超过10万册,White,¥111.00,清华大学出版社
 动手学深度学习 人工智能机器学习深度学习领域重磅教程图书 Amazon科学家作品 交互式实战环境下动手学深度学习的全新模式 原理与实战紧密结合,阿斯顿·张,¥85.00,人民邮电出版社
 扩散模型从原理到实战 开启AI绘画新时代！AIGC大模型来临，配套赠送Diffusion视频课程！ Hugging Face平台学习实战，常春藤盟校数据科学硕士与算法工程师带你从理论到实战，了解、掌握扩散模型，快速满足工作中的绘图需求，有效提升效率。,李忻玮,¥59.80,人民邮电出版社
 微服务架构设计模式 微服务架构权威指南；PolarisTech联合创始人蔡书、才云科技CEO张鑫、易宝支付CTO陈斌等鼎立推荐！,克里斯,¥90.40,机械工业出版社
 Python青少年趣味编程全彩版 独家配备71集视频教学课程 手机扫码看视频 少儿编程 小学生趣味编程 教孩子学编程 少 ,张彦,¥68.40,水利水电出版社
 机器学习实战：基于Scikit-Learn Keras和TensorFlow（原书第2版） 机器学习畅销书全新升级，基于TensorFlow 2和Scikit-Learn新版本，详细讲解构建智能系统所需要的概念和工具,奥雷利安,¥111.70,机械工业出版社
 Python网络爬虫从入门到实践（全彩版）自动化数据采集，入门知识，项目实践 Python3爬虫开发图书（彩色版）：详解自动化获取数据、数据解析、数据清洗、反爬以及数据可视化等知识，125个示例+2个综合案例+1个项目,明日科技,¥96.00,吉林大学出版社
 计算机网络（第6版） 国际计算机网络权威作者Tanenbaum著作，著名译者潘爱民倾力翻译，教辅支持，请联系QQ381844463。,安德鲁·S.特南鲍姆,¥103.50,清华大学出版社
 Python+Excel/Word/PPT一本通 零基础轻松掌握Python办公自动化诀窍，逐行解析代码，学会办公软件与python结合办公！免费赠送随书PPT+源代码+重点内容的讲解视频，助你成为办公室效率,马文豪,¥99.80,人民邮电出版社
 与梦境的距离 Terry F的人像摄影灵感与技术 （1）观念摄影是摄影＋艺术后期的艺术创作，诞生如游戏原画、艺术品般的摄影作品。 （2）ps后期“手把手”教学，告别傻瓜式修图，掌握修图核心技巧。 （3）摄影核心理念，让你从拍好看到拍大片。 （4）特殊,冯韬,¥68.80,清华大学出版社
 Web安全攻防：渗透测试实战指南（第2版） Web安全攻防+渗透测试 | 增补内容超过50% | 更新的技术 | 更丰富的内容 | 更易懂的表达 | 更多实战案例！,MS08067安全实验室,¥96.70,电子工业出版社
 黑客攻防从入门到精通 实战篇 第2版 简单易学：从易到难、循序渐进、图文并茂、通俗易懂,王叶,¥49.80,机械工业出版社
 Kali Linux高级渗透测试（原书第4版） Kali Linux渗透测试经典之作全新升级，关注远程办公场景及云环境渗透测试，包含大量实例并提供源码。,维杰·库马尔·维卢,¥81.70,机械工业出版社
 神经网络与深度学习——基于MATLAB的仿真与实现 系统论述神经网络及深度学习的基本理论、方法、技术和MATLAB仿真案例!多位行业知名专家联袂推荐,姚舜才,¥66.70,清华大学出版社
 FLL+WRO乐高机器人竞赛教程——机械、巡线与PID 以spike和EV3机器人为载体同步编写。 通过180多例搭建和200多例程序探索竞赛机器人的设计。,蔡冬冬,¥74.20,清华大学出版社
 人工智能数学基础 中国人工智能学会副理事长力荐教材！数学思维的体操、学习人工智能的基石！通过205个典型范例+185个推导公式+37道经典习题+40个学习难点提示+19个项目，进行数学思想和解决方案的有效实践。,唐宇迪,¥89.20,北京大学出版社
 SQL进阶教程（第2版） SQL进阶中级！数据库工程师的SQL技能提升指南！理论与实践相结合，由浅入深地讲述SQL技巧，160张图表+412段代码，示例程序均可下载，切实提升SQL水平！,MICK,¥67.30,人民邮电出版社
 C#图解教程 第5版 长销十余年、数万读者认可的C#入门经典再次更新 全面涵盖C# 6.0和C# 7.0的新增特性 简洁的文字描述并辅以清晰易懂的图示 高效掌握和透彻理解C#语言的不二之选,丹尼尔·索利斯,¥129.00,人民邮电出版社
 完全图解编程原理 零基础入门编程程序设计 编程的百科全书编程思想 一本关于编程的专业科普书 涵盖语言特征 网络知识 数据 什么是编程，程序开发有哪些方法，开发中使用什么工具，程序员是怎么工作的，计算机中数据是怎么处理的，算法是什么，Web基础与网络安全，本书给你答案。,增井敏克,¥79.80,水利水电出版社
 中文版SketchUp 2022完全实战技术手册 全彩印刷 超值赠送： 138个视频文件，时长近24小时。 大量相关素材文件，容量高达12GB。,孙英杰,¥74.20,清华大学出版社
 ae书籍中文版After Effects 2022从入门到精通（微课视频全彩版唯美世界）短视频剪辑教程 影视后期特效 A 135集同步视频+78个实例案例讲解，手机扫码看视频+在线交流，百万加读者喜爱的唯美系列，视频后期处理/特效制作/视频剪辑，赠Premiere基础视频+PS基础视频,唯美,¥128.00,水利水电出版社
 白帽子讲Web安全（第2版） ,吴翰清,¥59.40,电子工业出版社
 cad cam cae完全自学教程中文版Mastercam2022数控加工从入门到精通 实战案例视频版 masterca CAD/CAM/CAE专家编写590分钟同步视频讲解手把手教学+137个实例案例分析+赠送资源+在线服务,天工在线,¥99.80,水利水电出版社
" C# 10 和 .NET 6入门与跨平台开发（第6版） 一本循序渐进的C#指南,涵盖C# 10和.NET 6的所有新功能。随书赠送彩图、代码和习题答案，获取地址见书封底二维码。",马克·J.普莱斯,¥168.00,清华大学出版社
 Word最强教科书[完全版] 零基础自学office电脑基础从入门到精通 计算机办公软件快捷操作视频教程书 想学好Word？看点有用的！系列新成员前来报到，128个超好用的Word办公场景常用技巧，效率提升不只一点点！,张栋,¥88.00,中国青年出版社
 Vlog视频拍摄5项全能：脚本策划+运镜方法+剪映剪辑+引流吸粉+运营获利 vivi的理想生活 一本书掌握Vlog视频拍摄5项全能：脚本策划+运镜方法+剪映剪辑+引流吸粉+运营获利，解说年赚百万、千万背后的Vlog账号秘密，助你从Vlog视频小白快速成长为网红大咖,vivi的理想生活,¥59.20,北京大学出版社
 C++高性能编程 本书涉及C++高性能编程的5个重要因素，包括计算硬件、高效使用编程语言、编译器、良好的设计和程序员自身。,费多尔·G.皮克斯,¥139.00,清华大学出版社
 Java高并发核心编程 卷2（加强版）：多线程、锁、JMM、JUC、高并发设计模式 深入浅出地讲解Java高并发应用开发核心技术,尼恩,¥88.50,清华大学出版社
 中文版Rhino 7完全自学教程 Rhino产品设计、工业设计学习实用图书，900多分钟在线教学视频，68个实战+7个综合实例，全面学习Rhino的各项功能与技术,姚一鸣,¥129.90,人民邮电出版社
 图解算法：使用C语言 理解零负担，采用功能强大的C语言演绎算法思维,吴灿铭,¥36.70,清华大学出版社
 C Primer Plus 第6版 中文版习题解答 图书《C Primer Plus》的学习伴侣 北京师范大学名师详细剖析所有题目 提升C编程能力的优选编程练习册,史蒂芬,¥89.80,人民邮电出版社
 软件平台架构设计与技术管理之道 驾驭复杂平台的深度思考，顶层架构设计的实践分享。 领悟大道至简的技术哲学观，掌控IT管理与决策的智慧锦囊。,由维昭,¥79.00,清华大学出版社
 MATLAB数学建模（第2版） MathWorks Fellow Jim Tung作序！ 丛书累计销售20多万册！微课视频+程序代码+课件素材+测试题库+算法代码！,李昕,¥118.00,清华大学出版社
 C++20实践入门（第6版） C++入门从Beginning C++20开始，讲解如何使用新推出的C++20编写程序,艾弗·霍尔顿,¥158.00,清华大学出版社
 小学生C++编程入门 开发智力、启发思维、培养创新意识和能力，一本特别为小学生量身定做的C++编程入门书。,喻蓉蓉,¥42.00,清华大学出版社
 深度学习图解 深度学习是人工智能的一个分支，这本书以有趣的图解方式为你揭开深度学习的神秘面纱,安德鲁·特拉斯克,¥74.80,清华大学出版社
 剪映教程：短视频+Vlog制作一点通视频教学版唯美世界 剪辑书 剪映短视频剪辑从入门到精通 短视频拍摄与制作 手机短视频 59个实例案例分析+326分钟视频教学+视频源文件动手练+电脑版手机版案例实操，涵盖短视频剪辑、美颜、抠像、蒙版、音频、文字、调色、动画、特效等,唯美世界,¥89.80,水利水电出版社
 Linux命令行大全 第2版 手把手教你学Linux操作系统，脚本shell编程代码书写，系统管理编程运维，学习使用bash（Linux Shell）编写完整的程序。,威廉·肖特斯,¥129.00,人民邮电出版社
 大话存储 新——存储系统底层架构原理极限剖析 存储圣经。,张冬,¥199.00,清华大学出版社
 Effective Java中文版（原书第3版） Jolt大奖获奖作品 Java之父James Gosling需要的一本书,约书亚,¥94.10,机械工业出版社
 cad cam cae微视频讲解大系 中文版AutoCAD2023从入门到精通实战案例视频教学 autocad教材自学版 2023新版Autodesk官方认证考试专家编写手机扫码看192集微视频讲解+165个实例案例分析，赠送丰富资源,天工在线,¥89.80,水利水电出版社
 信息学竞赛入门篇 本书由全国青少年信息学奥林匹克竞赛金牌教练精心编写而成，书中知识体系完善，内容丰富，并配有真题及详解。本书可作为算法竞赛、全国青少年信息学奥林匹克竞赛NOI等相关比赛的入门教材。,信息学名师工作室,¥57.00,清华大学出版社
 ChatGPT速学通：文案写作+PPT制作+数据分析+知识学习与变现 让ChatGPT走近具体工作与生活，利用AI进行写作、PPT制作、数据分析等，现有职场办公类图书的颠覆式替代产品，免费提供思维导图、80+配套教学视频及素材文件。,刘道军,¥79.80,人民邮电出版社
 MySQL从入门到精通（第3版） MySQL入门经典，32万数据库开发人员的入行选择。配备数据库开发资源库+在线答疑，学习1小时，训练10小时，从入门到项目上线，打造全新学习生态。,明日科技,¥67.30,清华大学出版社
 Linux就该这么学（第2版） 刘遄Linux入门教程升级，基于Linux系统RHEL8编写，每章带有大量图表及习题，知识点覆盖红帽认证RHCSA、RHCE、RHCA考试要求，配套站点提供软件、学习资料及答疑服务。,刘遄,¥99.90,人民邮电出版社
 正版如果你坐的得歪歪扭扭 3-6-7岁精装儿童绘本书3种有效训练让孩子保持正确坐姿 让孩子告别趴着写字 歪歪扭扭 矫正坐 ,李仑姬,¥18.71,北京科技
 人工智能导论：模型与算法 ,吴飞,¥36.50,高等教育出版社
 C#从入门到精通（第7版） C#入门经典，18万C#程序员的入行选择。配备升级版C#开发资源库，在线答疑，学习1小时，训练10小时，从入门到项目上线，打造全新学习生态。,明日科技,¥74.80,清华大学出版社
 深入浅出SSD：固态存储核心技术、原理与实战 第2版 经典畅销书升级，内容更新超60%，更新、更全、更有深度，10余位产业界领导或领域专家推荐,SSDFans,¥96.70,机械工业出版社
 控制系统建模与仿真——基于MATLAB/Simulink的分析与实现 控制系统建模|MATLAB编程|Simulink仿真 清华大学|北京航空航天大学|北京理工大学|北京自动化学会 知名专家联袂推荐,姜增如,¥59.20,清华大学出版社
 用Python学数学 编程思维与数学思维强强联合，利用Python的可视化方法，基于Python 3代码示例，解决经典的代数、几何、三角、微积分等数学案例，开启程序员的数学与Python的奇幻之旅，全彩印刷。,彼得·法雷尔,¥109.80,人民邮电出版社
 科技之巅（20周年珍藏版）：全球突破性技术创新与未来趋势 来自麻省理工科技评论的深刻思考！纵览20年间前沿科技变化，把握科技、创新、经济、投资领域风向标！预测下一个风口！,DeepTech深科技,¥98.00,人民邮电出版社
 Java并发编程实战（第16届Jolt大奖提名图书，Java并发编程佳作） 豆瓣评分9.1，Java并发编程里程碑著作！10年畅销100000册！,Brian,¥54.60,机械工业出版社
 中老年零基础学智能手机：手机操作 + 微信应用+网上购物 + 娱乐与安全（大字大图版） 大字、大图、全彩，清晰易读，再也不怕中老年朋友看不清、看不懂！10万中老年朋友喜欢的抖音账号，10万中老年朋友能学会的手机知识，120多集同步教学视频扫码可看。从零开始，快速从入门到精通的智能手机教程,王丽英,¥51.70,北京大学出版社
 大学计算机 （第5版） ,朱鸣华,¥30.70,高等教育出版社
 Excel 高效办公 数据处理与分析（第3版） 数据排序 筛选 分类汇总 数据透视表 函数与公式 图表等知识 VBA宏编程序函数据整理处理统计分析测试定制作图表,神龙工作室,¥59.80,人民邮电出版社
 Unity 2D游戏开发 使用C#进行独立游戏编程，专注于2D游戏和Unity不断扩展的2D工作流程。 让发现、购买和销售游戏比以往任何时候都容易。,杰瑞德·哈尔彭,¥60.20,清华大学出版社
 计算机算法设计与分析（第5版） ,王晓东,¥38.70,电子工业出版社
 梦时间与短视频 亲爱的安先生 本书让你用精密的视频美学技巧吸引用户 捕获观众的情绪 抢夺用户的时间 让用户不愿划走 磨铁 新华书店正版，关注店铺成为会员可享店铺专属优惠，团购客户请咨询在线客服！,亲爱的安先生,¥34.00,江苏凤凰文艺出版社
 蓝桥杯 真题分类解析（C/C++版·软件类） 蓝桥真题 帮你走上赛事之巅 分类解析 让你更快荣获国一,丁向民,¥43.50,清华大学出版社
 数据可视化分析（第2版）：分析原理和Tableau、SQL实践（全彩） Tableau为基础，部分章节辅以SQL讲解，系统介绍了数据可视化分析的体系和方法，内容涵盖问题分析方法、数据合并和建模、可视化图形的选择和构建、多种交互方式及其组合、仪表板设计与高级交互、基本计算和,喜乐君,¥103.90,电子工业出版社
 Web漏洞解析与攻防实战 从Web漏洞解析到安全攻防实战 Web安全研究和渗透测试工作者的技术指南,王放,¥96.70,机械工业出版社
 微信公众号平台操作与版式设计（微课版） 详解微信公众号后台操作和排版方法，帮助读者学会制作好看、吸引人的公众号推文，提高新媒体和电商工作人员的工作效率和操作技巧，深入了解微信公众号后台的操作流程,文杰书院,¥66.70,清华大学出版社
 人工智能简史 第2版 详解人工智能起源、神经网络、深度学习、自然语言处理、遗传算法，获中华优秀出版物图书奖、吴文俊人工智能科技进步奖，入围央视,尼克,¥79.00,人民邮电出版社
 质性研究数据分析工具NVivo 12 实用教程 NVivo软件 定性分析软件书籍 同质化研究工具 NVivo官方认证专家冯狄编写 实例讲解 可以使用配书资源按照习题的要求进行练习,冯狄,¥44.20,人民邮电出版社
 数据合规：入门 实战与进阶 数据合规律师多年一线治理经验的系统总结！ 跟随主人公白晓萌萌律师的不断成长，快速掌握多元场景中的实务处理方案！ 企业数据合规治理的实用工作手册！数据合规专业人士成长晋阶的秘笈！,孟洁,¥66.70,机械工业出版社
 设计模式：可复用面向对象软件的基础（典藏版） 本书是引导读者走出软件设计迷宫的指路明灯，凝聚了软件开发界几十年设计经验的结晶。,埃里克·伽玛,¥62.50,机械工业出版社
 信息处理技术员教程(第3版) 依据2018年新大纲修订。 无学历、资历限制，可获得由工信部和人社部颁发的初级证书。,孙姜燕,¥77.00,清华大学出版社
 Python从入门到精通（第3版） Python入门经典，26万Python程序员的入行选择。配备升级版Python开发资源库，在线大咖课+在线答疑，学习1小时，训练10小时，从入门到项目上线，打造全新学习生态。,明日科技,¥67.30,清华大学出版社
 STM32Cube高效开发教程（基础篇） STM嵌入式系统开发教程，系统性地介绍STM32的HAL库开发，附赠示例源代码、示例运行演示视频和课件，STM32应用开发者入门到进阶参考书籍。,王维波,¥119.80,人民邮电出版社
 ROS 2机器人编程实战：基于现代C++和Python 3 从设计思想到应用技巧，从基础概念到工程实战，一线机器人工程师带你玩转ROS 2,徐海望,¥89.20,机械工业出版社
 网络运维从入门到精通——29个实践项目详解 ,樊胜民,¥99.00,化学工业出版社
 接口自动化测试项目实战：Python 3.8+Requests+PyMySQL+pytest+Jenkins实现 跟随视频，操练完整项目，轻松入门接口自动化测试,江楚,¥59.00,清华大学出版社
 中文版 UG NX 12.0数控加工从入门到精通实战案例+视频讲解 ug12教程教材 数控编程模具设计 cad从入门到精 UG NX数控加工 机械加工实战教材 CAD CAE CAM微视频讲解大系列 手机扫码看120集微视频讲解+实例案例分析，UG数控加工案例视频实战教程,天工在线,¥89.80,水利水电出版社
 凤凰架构：构建可靠的大型分布式系统 《深入理解Java虚拟机》周志明新作，5维度讲解可靠大型分布式系统架构，5种架构风格实例，9位架构专家推荐,周志明,¥78.30,机械工业出版社
 Java高并发核心编程 卷1（加强版）：NIO、Netty、Redis、ZooKeeper 深入浅出地讲解Java高并发应用开发核心技术,尼恩,¥103.50,清华大学出版社
 AI可解释性（Python语言版） 通过构建XAI的方法论体系，形成一组工具和方法，从而解释ML模型产生的复杂结果，帮助人们理解ML模型。,列奥尼达·詹法纳,¥44.80,清华大学出版社
 深度强化学习(王树森、黎彧君联合导师北大张志华作品)(图灵出品) 入门深度强化学习就用猫书！北大教授王树森等业内大咖新作，涵盖近十年热门深度学习方法，围绕实用、精简两大原则，140多幅全彩插图，PPT与公开视频课程，让你的深度学习之旅倍感愉悦！,王树森,¥97.30,人民邮电出版社
 我跟爸爸学编程：从Python到C++ 从初中生的视角讲解Python和C++两种语言,叶哲语,¥44.50,清华大学出版社
 四旋翼无人机的制作与飞行 拿下你的首架无人机，无人机操作视频演示，无人机组装详解,戴凤智,¥48.00,化学工业出版社
" Python数据分析与可视化 本书配套资源丰富，包括教学大纲、教学课件、电子教案、习题答案、教学进度表，作者还为本书精心录制了600分钟的微课视频。本书可作为各类高等院校计算机科学与技术、软件工程及大数据技术等专业的本科生教材,也",魏伟一,¥44.80,清华大学出版社
 CTF实战：从入门到提升 三大院士联袂推荐;安恒信息组织编写;网络安全从业者和爱好者入门,苗春雨,¥74.20,机械工业出版社
 PyTorch计算机视觉实战：目标检测、图像处理与深度学习 面向初学者，涵盖计算机视觉所有关键主题；结合具体应用场景，提供50多个计算机视觉问题的实用解决方案,V·基肖尔·阿耶德瓦拉,¥111.70,机械工业出版社
 抖音短视频吸粉、引流、变现全攻略 小号到大V的抖音运营术，可复制的短视频爆款模式，涵盖用户分析，内容打造，推广营销，引流变现等内容，纯干货的实战案例+运营技巧，助你轻松打造百万粉丝、月入过万的抖音大V号！,徐浪,¥41.20,民主与建设出版社
 视觉SLAM十四讲：从理论到实践（第2版） 高博个性签名限量！SLAM华语原创首著升级版！彩色插图|更多实例|更深内容|更完善的工程项目|更易懂的表达。余凯谭平等业内大咖力荐！,高翔,¥59.40,电子工业出版社
 GraphPad Prism学术图表（全彩） 易于使用的非线性回归分析软件，科研论文作图，集生物统计、曲线拟合和科技绘图于一体,张敏,¥59.90,电子工业出版社
 大话计算机：计算机系统底层架构原理极限剖析 全新版 ,冬瓜哥,¥698.00,清华大学出版社
 Spring Boot+Vue前后端分离项目全栈开发实战 使用强大的Spring Boot和Vue.js，实现高效全栈开发,唐文,¥43.80,中国铁道出版社
 编程珠玑 第2版 复杂编程和算法习题 程序员案头书单 融实战技术与趣味轶事于一炉 带你领略计算机科学之美,乔恩·本特利,¥44.20,人民邮电出版社
 Power Query数据清洗实战 ExcelHome出品 超越VBA和函数的数据分析神器 Power Query比VBA和函数更简洁且强大，可跨越数百种数据源，通过简单的拖拽就能实现曾经用代码、函数才能达到的神奇效果。,Excel,¥51.70,北京大学出版社
 乐高机械结构设计 精选6大类100多款乐高机械结构设计作品，案例涉及齿轮机构、连杆机构、传动机构、机械手、变速箱和综合装配等类别。支持扫码观看成品视频演示和案例详细搭建步骤图,程罡,¥67.20,清华大学出版社
 数学分析原理（原书第３版） ,Walter,¥54.60,机械工业出版社
 R语言实战 第2版 【图灵程序设计丛书】R语言入门到精通 大数据挖掘 用R轻松实现数据挖掘 数据可视化 从实际数据分析出发 全面掌握R编程 新增预测性分析 简化多变量数据等近200页内容,卡巴科弗,¥66.40,人民邮电出版社
 反欺骗的艺术——世界传奇黑客的经历分享 世界头号黑客米特尼克将功补过的“社交工程学”名作，以一个个侦探故事的形式讲述了积累一生的宝贵亲身经历,米特尼克,¥58.90,清华大学出版社
 Efficient Linux命令行 这本书介绍了大量Linux命令行的使用技巧，这些知识不仅可用于当前工作，甚至会影响你的整个职业生涯。仅第1章介绍的内容就已物超所值。,丹尼尔·J,¥86.20,中国电力出版社
 ANSYS CFD网格划分技术指南 跟CAE大神流沙学画网格，掌握ANSYS CFD系列网格划分技巧,胡坤,¥78.00,化学工业出版社
 Python量化交易实战 基本面量化投资策略 量化交易算法之路 量化交易核心技术开发从入门到精通 量化交易从入门到实践 凝聚作者15年交易经验，全流程讲解量化交易，大量案例实战，依次击破实践难点，教你快速上手,李天胜,¥69.80,水利水电出版社
 RHCSA/RHCE8红帽Linux认证学习教程 红帽中国培训事业部淮晋阳作序推荐 段超飞著 RHCE考试学习指南：包括RHEL中使用频繁的知识点，帮助你顺利通过RHCE考试，同时也能应对企业需求。,段超飞,¥96.00,北京大学出版社
 Altium Designer 21 PCB设计官方指南(基础应用) Altium中国技术支持中心面向中国读者出版的官方图书！配套精美的教学视频！ Altium大中华区总经理David Read作序！,Altium中国技术支持中心,¥52.10,清华大学出版社
 WTF Solidity智能合约教程（入门篇） ,0xAA,¥51.00,科学出版社
" 机器学习公式详解第2版 周志华西瓜书《机器学习》伴侣书南瓜书新版上市！了解人工智能ChatGpt底层数学逻辑！ 周志华""西瓜书""《机器学习》伴侣书南瓜书新版重磅上市！机器学习初学人工智能小白提升数学基础能力的练习书，Datawhale开源协作学习笔记",谢文睿,¥89.80,人民邮电出版社
 超简单：用ChatGPT+实用AI工具让Office高效办公飞起来 ai应用aigc智能经济chatGPTai革命ai未 ,快学习教育◎,¥79.00,北京理工大学出版社
 iPad+Procreate儿童插画设计与绘制教程 北京国际设计周获奖插图师倾力打造 魏冉SY著 北京国际设计周获奖插画师倾力打造超实用的儿童插画教程，技法+角色+动物+道具+场景+心得全覆盖，一起来画温馨可爱萌的儿童插画吧！赠送教学视频+笔刷+色卡+纹理素材。,魏冉SY,¥73.50,北京大学出版社
 Perl语言编程（第四版） 大骆驼书，无可争议的Perl宝典。,克里斯蒂安森,¥133.20,中国电力出版社
 Excel高效商务办公一本通 Excel从入门到精通，表格制作+数据分析+数据处理+图表展示，海量学习资源,博蓄诚品,¥69.00,化学工业出版社
 电商运营经理实战工作手册 电商运营实务书籍，分解管理要点，细化运营工作，提供电商运营经理365个实用技能，电商运营经理自我提升的学习手册和实用小百科，电商运营团队岗位培训实用教材。,滕宝红,¥52.60,人民邮电出版社
" 高速电路研发与设计典型故障案例解析 一板成功 聆听一线工程师的硬件案例分享,感受项目实战的真实场景",张晶威,¥29.40,清华大学出版社
 LabVIEW虚拟仪器项目开发与实践 注重虚拟仪器技术的实际应用和工程实践经验总结， 提供丰富的实例程序代码,杨高科,¥134.20,清华大学出版社
 业务数智化：从数字化到数智化的体系化解决方案 大厂作者10年真实业务场景下数智化实践的经验总结 业务数智化解决方案的科普书 企业数字化转型之道,高远,¥58.30,电子工业出版社
 CLR via C#（第4版） 权威力作全新全面升级，名著名译再显经典魅力,李希特,¥81.70,清华大学出版社
 ATT&CK视角下的红蓝对抗实战指南 360资深安全专家撰写，微软、360、字节等企业15位专家力荐，详解ATT&CK六阶段技术原理、攻击手段、防御策略,贾晓璐,¥119.20,机械工业出版社
 Python+Kivy(App开发)从入门到实践(全彩版) 全新中文Python移动开发入门图书，提炼一线开发经验，精选丰富实例和流行项目，助您快速掌握Kivy技能，迈进移动APP开发的大门，配环境搭建视频讲解和项目源码,明日科技,¥96.00,吉林大学出版社
 领域驱动设计 软件核心复杂性应对之道 修订版 领域驱动设计 软件核心复杂性应对之道 修订版DDD软件项目开发教程书籍 领域驱动设计实践指南 领域驱动设计与模式实战,埃里克,¥74.80,人民邮电出版社
 AutoCAD 2021入门到精通autocad基础教程cad教材自学版cad机械设计室内设计建筑设计装潢设计家具设计电 2021新版，Autodesk官方认证考试专家编写。手机扫码看120集微视频讲解+158个实例案例分析，cad实战教程/入门教程/视频教程。建筑设计/室内设计/机械设计。,天工在线,¥89.80,水利水电出版社
 华为HCIP路由与交换技术实战 深入讲解HCIP的关键技术，配有大量示例及实验演示!内容循序渐进，配套丰富学习资源助力快速动手实践,江礼教,¥66.70,清华大学出版社
 数据分析——统计、描述、预测与应用 知名学者联袂编著，畅销全球的数据分析经典教材！系统论述数据分析原则和方法的学习指南！,乔·门德斯·莫雷拉,¥59.20,清华大学出版社
 用户故事地图 ,Feff,¥48.10,清华大学出版社
 ChatGPT与AIGC工具入门实战指南 用AI提高办公学习效率！ChatGPT与AIGC生产力工具实践 智慧共生 ChatGPT和AIGC入门实战，小米科技联合创立人王川作序推荐，人人都能用好人工智能AIGC工具，丰富的实践案例，有效提升工作、学习、生活效率！,王树义,¥59.90,人民邮电出版社
 HCIP-Datacom认证实验指南 2023最新华为数通认证实验手册 华为HCIP路由与交换技术 hcipdataco 华为最新HCIP认证备考手册，涵盖最新版HCIP-Datacom考试认证内容 以企业需求为导向，精简理论，技能为主，配备知识点及实验授课视频，在线交流,长沙卓应教育咨询有限公司,¥106.80,水利水电出版社
 产品经理方法论 构建完整的产品知识体系 产品经理入门教程书籍，互联网产品运营产品策划教程，详细介绍产品经理需要掌握的大量工具、方法论以及产品知识，工作经验，帮助产品经理建立完善的知识体系。,赵丹阳,¥79.80,人民邮电出版社
 硅谷之火：人与计算机的未来 雷军推荐，激发雷军创业和改变雷军命运的奇书，初步了解计算机发展史的易懂版本，激发你的灵感，加深你的兴趣,弗赖伯格,¥35.00,中国华侨出版社
 计算之魂 （《数学之美》《浪潮之巅》等畅销书作者吴军博士新作） 数学之美姊妹篇，吴军科技领域重磅新作，李国杰院士郑纬民院士作序推荐，快手宿华拼多多陈磊倾情推荐，名企面试题算法题讲透计算思维,吴军,¥109.00,人民邮电出版社
 零基础轻松学C++：青少年趣味编程（全彩版） ,快学习教育,¥52.30,机械工业出版社
 C++从入门到精通（第5版） C++入门经典，销售12年，50万C++程序员、数百所高校的选择，97集微课视频+178个应用示例+122个编程训练+53个实践练习+项目案例+海量开发资源库+在线答疑,明日科技,¥67.30,清华大学出版社
 人月神话（40周年中文纪念版） 图灵奖得主、“IBM 360系统之父”作者Brooks颠覆了项目管理领域，长久不衰传奇经典！软件开发人员、软件项目经理、系统分析师等IT从业者必藏之软工圣经！畅销全球40年！,布鲁克斯,¥85.50,清华大学出版社
 中文版PremierePro2022 从入门到精通 微课视频全彩版 唯美系列 专业视频剪辑教程 视频特效 Vlog手机短 100万册畅销书作者升级力作，AE后期专业搭档，影视片头、短视频、Vlog视频剪辑专业工具，扫码看135集微视频讲解+110个实例案例，PR视频教程，资源丰富,唯美世界曹茂鹏,¥125.40,水利水电出版社
 华为数据之道 华为官方出品 华为公司数据管理部撰写，全面总结华为在数据治理和数字化转型经验，碧桂园、美的、三一重工等百余家企业全面研读。英文版全球发行。,华为公司数据管理部,¥57.90,机械工业出版社
 Excel 2019函数与公式应用大全 全新升级版 精选Excel Home海量案例 《Excel 2016函数与公式应用大全》全新升级版，Excel Home多位微软全球MVP专家打造，精选Excel Home海量案例,Excel,¥96.70,北京大学出版社
 趣话计算机底层技术 一趟故事与技术的奇幻之旅。涵盖CPU存储IO操作系统编程安全六大主题。几十个故事之间既有关联让你像追剧一样学技术；也有一定独立性，随时翻开一篇都能有收获,轩辕之风,¥64.90,电子工业出版社
" C++20高级编程(第5版) C++标准委员会主席Herb Sutter大力推荐, C++标准委员会成员Marc Gregoire执笔,知名C++大咖“程序喵大人”领衔翻译。获国内C++社区李建忠、吴咏炜、高博、吴天明等推荐",马克·格雷戈勒,¥228.00,清华大学出版社
 Effective Modern C++中文版 ,Scott,¥97.00,中国电力出版社
 算法(第4版) 【图灵程序设计丛书】算法领域的经典参考书 众多图例实现图解算法和算法导论 基于Java语言实现算法和数据结构 熟练掌握算法设计与分析,Robert,¥129.80,人民邮电出版社
 中文版3ds Max2023从入门到精通微课视频全彩版唯美 Autodesk 3dmax标准教材教程书籍 3dsmax三 3dsmax专家委员升级作品，211集视频，139个实例教学，三维建模效果图制作建筑设计模型设计影视特效CG动画游戏完全自学教程,唯美世界,¥128.00,水利水电出版社
 SQL基础教程 第2版 畅销书SQL基础教程全新升级 SQL从入门到精通 SQL必知必会 随书附赠程序示例和习题答案,MICK,¥79.00,人民邮电出版社
 从零开始学达芬奇视频调色：剪辑+校色+美颜+降噪+特效 周玉姣 DaVinci Resolve 18完全教程，9大专题内容+80多个案例详细讲解+190多分钟教学视频+840多张图片展示，从零开始轻松学会达芬奇软件的视频调色,周玉姣,¥66.70,北京大学出版社
 C程序设计语言（原书第2版·新版）典藏版 全面、系统地讲述了C语言的各个特性及程序设计的基本方法。,布莱恩,¥54.60,机械工业出版社
 Python数据分析从入门到实践（全彩版）Python Excel高效办公常备工具 零基础入门数据分析师，利用Python进行数据处理、数据分析简单高效，送数据分析专属魔卡150+方法随身查,明日科技,¥96.00,吉林大学出版社
 Stata统计分析从入门到精通 致力于让Stata的学习 更简单、更实用、更高效,杨维忠,¥88.50,清华大学出版社
 AI绘画师：文案、图片与视频制作从入门到精通 AI；ChatGPT；Midjourney;AIGC;剪映；文心；,AIGC文画学院,¥88.00,化学工业出版社
 SQL即查即用（全彩版）数据库入门经典 程序员的SQL速查工具书。查询方便，让你轻松掌握SQL语言！适合作为SQL初学者的学习用书！,明日科技,¥48.80,吉林大学出版社
 PPT设计思维（实战版）（全彩印刷） 在知乎获得300多万收藏、88万赞的PPT设计经验分享，数十万粉丝共同点赞的PPT“美容计划”，《PPT之光》等畅销书作者、@simon_阿文、iSlide社区创始人刘浩力荐，随书赠送PPT知识地图,邵云蛟,¥37.90,电子工业出版社
 PPT知识图谱（全彩） PPT设计经验超500w收藏的知乎头部答主、畅销书《PPT设计思维》作者邵云蛟为大家撰写的PPT设计方法百科词典，系统化梳理PPT设计知识点，并配有大量精美案例,邵云蛟,¥56.60,电子工业出版社
 Java图解创意编程：从菜鸟到互联网大厂之路 10位大厂大咖推荐 10个精致项目实践 10万行代码之路,胡东锋,¥149.00,清华大学出版社
 AIGC自动化编程：基于ChatGPT和GitHub Copilot 基于ChatGPT、GitHub Copilot、Claude2、Amazon CodeWhisperer、CodeGeeX，系统介绍如何实现自动化编程，让工作效率逆袭,李宁,¥79.80,人民邮电出版社
 中文版ANSYS Workbench2021有限元分析从入门到精通视频讲解实战案例版 ansys workbench完全 CAD/CAM/CAE专家编写328分钟同步微视频讲解，26个实例案例分析案例全流程讲解,天工在线,¥88.00,水利水电出版社
 深入浅出 WPF ,刘铁猛,¥45.00,水利水电出版社
" UNIX环境高级编程 第3版 UNIX编程""圣经""新版本 针对新技术全新改版 与Linux相结合的案例教程 UNIX和网络专家Stevens名著 unix/linux程序员案头常备参考书 数十年来影响无数程序员的经典之作",理查德·史蒂文斯,¥169.00,人民邮电出版社
 Python青少年趣味编程100例 视频实例教学 零基础学Python入门教程自学教材 少儿趣味编程 小学生趣味编程 教 Python 青少年趣味编程 100个趣味编程实例630分钟视频讲解兴趣教学AI时代学编程的孩子不会输,爱编程的魏校长,¥88.00,水利水电出版社
 PyTorch深度学习实战 PyTorch核心开发者教你用PyTorch创建神经网络和深度学习系统的实践指南，基于Python 3.6及以上的版本编写，提供源代码下载，PyTorch联合创作者作序推荐。,伊莱·史蒂文斯,¥119.90,人民邮电出版社
 Python编程快速上手 让繁琐工作自动化 第2版 Python编程从入门到实践姊妹篇，零基础自学Python教程书籍，提供配套同步教学视频、在线编程环境，初版译著豆瓣评分9.6分！针对Python3.X版本更新，海量学习资源随书送,阿尔·斯维加特,¥89.00,人民邮电出版社
 思维导图学C++趣味编程 中小学C++编程读物，轻松有趣，边玩边学,方其桂,¥99.00,化学工业出版社
 游戏设计艺术（第3版） 游戏设计的扛鼎之作,Jesse,¥141.90,电子工业出版社
 30天精学Excel 从菜鸟到数据分析高手 Excel教程书籍教学函数与公式应用大全，制作图表进行数据分析，数据透视表Excelhome云课堂金桥老师作品，配套同步教学视频，一本书搞定高效办公。,金桥,¥69.00,人民邮电出版社
 Qt 6 C++开发指南 基于Qt 6.2版本，《Qt 5.9 C++开发指南》版本内容重大升级，涵盖新的功能模块和开发技术，附赠大量示例演示程序和示例源代码，轻松开发GUI程序！,王维波,¥139.80,人民邮电出版社
 ChatGPT原理与实战：大型语言模型的算法、技术和私有化 BAT资深大模型专家撰写，深入解析ChatGPT技术、算法、原理和训练方法，教你从0搭建专属大模型，邱锡鹏推荐,刘聪,¥74.20,机械工业出版社
" ChatGPT：人类新纪元 ""搜狗输入法之父""、美团光年首席AGI布道师马占凯重磅新作，零基础也能读懂的ChatGPT入门书，轻松了解AIGC、通用人工智能的发展史，罗永浩、梁宁、戴雨森、王建硕、王玥倾情推荐。",马占凯,¥88.00,人民邮电出版社
 青少年信息学竞赛 一本信息学竞赛初学者入门教材。随书赠送：教学大纲、教学课件、微课视频、案例源代码和思考练习参考答案，获取地址见书前言二维码。教材服务QQ:1815317009,刘洪,¥52.30,清华大学出版社
 ChatGPT: 读懂人工智能新纪元 ,陈根,¥69.80,电子工业出版社
 中文版AutoCAD2022从入门到精通 cad基础教程cad教材自学cad/cam/cae机械设计室内设计建筑设计电气 ,天工在线,¥88.00,水利水电出版社
 动手学机器学习 上海交通大学ACM班创办人俞勇教授团队编写，,张伟楠,¥89.80,人民邮电出版社
 数据分析师手记——数据分析72个核心问题精解 从0到1，系统的基础入门路线图，实战性强，开箱即用,刘林,¥81.70,清华大学出版社
 中文版Photoshop 2023入门教程 Photoshop 2023零基础自学教程，细致功能讲解，配合视频教学及PPT课件，综合实战案例+课后练习，纸电同步电子书免费领取。,李金明,¥59.80,人民邮电出版社
 华为数字化转型与数据治理套装（共2册） 本套装含《华为数字化转型之道》和《华为数据之道》各1册。华为官方出品，数据资源化 数据治理 数据资产化 数据开发应用 数据流通 数据要素市场 数据安全,华为公司企业架构与变革管理部,¥163.50,机械工业出版社
 Python编程入门与算法进阶 Python青少年等级考试程序软件开发教程编程入门，py基础能力训练，电子学会青少年编程考试指定用书，让孩子们轻松学习Python！,中国电子学会,¥99.00,人民邮电出版社
 剪映短视频剪辑从入门到精通（手机版+电脑版）手机短视频剪辑 特效制作 剪映案例教程 抖音快手小红书B站视频剪辑 pr a 剪映手机版+剪映电脑版教程 59个精选案例+170分钟操作视频精讲+95个素材视频+58个效果视频，专业摄影大师手把手教你快速学会短视频的专业创作过程,新镜界,¥89.80,水利水电出版社
 CG造型基础与创作·入门篇 ,Victor,¥115.60,文化艺术出版社
 R语言临床预测模型实战（新时代·技术新未来） 10余年R语言医学数据挖掘经验，快速转化成发表SCI的秘诀！全流程讲解临床预测模型构建、评价、验证；50多个案例，逐步深入，手把手教学，拿来即用；提供源程序下载,彭献镇,¥126.00,清华大学出版社
 GPT时代的量化交易：底层逻辑与技术实践 一本书读懂量化交易策略：全景展现底层逻辑+大量揭秘实战案例+解锁前沿GPT开发路径，更适合普通人的量化交易转型、入门书，领域名家亲笔手写赞誉,罗勇,¥64.90,电子工业出版社
 精益数据分析 珍藏版 商业数据分析入门书，精益创业运动开创者埃里克·莱斯作序推荐，王诗沐、史凯等大咖联合推荐，用精益数据分析打造符合市场需求的产品！,阿利斯泰尔·克罗尔,¥82.60,人民邮电出版社
 完全图解服务器工作原理 服务器入门图书 计算机科普书 服务器原理 服务器与系统架构 高性能服务器编程 服务器架设实战 服 用图解的形式，从作用、技术架构和应用维护等层面，对服务器相关知识进行全面解说！理解Al、loT、大数据、RPA等技术与服务器的关系!介绍实际业务应用场景中的发展动态和前沿动向！,西村泰洋,¥68.40,水利水电出版社
 AUTOSAR规范与车用控制器软件开发 AUTOSAR规范学习参考用书,宋珂,¥78.00,化学工业出版社
 ChatGPT AI文案写作从入门到精通 用ChatGPT进行AI文案写作，大幅度提高你的创作效率,AIGC文画学院,¥88.00,化学工业出版社
 神经网络与深度学习 豆瓣评分9.5!复旦大学邱锡鹏教授力作，周志华、李航联袂推荐！深受好评的深度学习讲义蒲公英书正式版！系统整理深度学习的知识体系，由浅入深地阐述深度学习的原理、模型以及方法。更适合中文读者的深度学习图书,邱锡鹏,¥96.90,机械工业出版社
 科研论文配图绘制指南 基于Python 科研和学术论文配图的实用利器，Python科研绘图锦囊，100多种绘图方法、200多个绘图源代码、保姆级的配图绘制技巧，快速提升科研效率，增添论文亮点！,宁海涛,¥109.80,人民邮电出版社
 图解TCP/IP网络知识轻松入门 图解概念一清二楚，零基础学习网络的入门书；原版书销量突破700000册。,日本Ank软件技术公司,¥79.80,化学工业出版社
 MATLAB R2022a完全自学一本通 “完全自学一本通”系列图书畅销15年累计超80万册。已被超过20万MATLAB用户选择为入门书，MathWorks公司推荐用书。,刘浩,¥99.00,电子工业出版社
 数字化生存 20年前，读它，是科幻书；20年后读它，像历史书。 一本影响千百万人的互联网启蒙经典著作； 一本关于“智能时代”的“说明书”； 预言帝尼葛洛庞帝坦率回应“我有什么地方搞错了吗？”尼葛洛庞帝、胡泳、刘九,Nicholas,¥78.00,电子工业出版社
 数据结构与算法分析 C语言描述（原书第2版）典藏版 书中详细介绍了当前流行的论题和新的变化，讨论了算法设计技巧，并在研究算法的性能、效率。,马克,¥62.50,机械工业出版社
 Excel高效办公应用与技巧大全第2版 excel高效办公数据处理与分析 excel图表之道 excel函数与公式 ex ,IT新时代教育,¥69.80,水利水电出版社
 失控：全人类的最终命运和结局（修订版） 早阅读一天，就让你在互联网时代先行一步，《失控》互联网时代最重要的著作之一 (修订版增加了25周年序言；进行了勘误）,Kevin,¥138.00,电子工业出版社
 Premiere Pro 2022视频编辑从入门到精通 随书赠送配套电子课件、实例源文件和教学视频，获取地址见书内容简介网址，前言和封底二维码。教材服务QQ:1815317009,王楚然,¥81.40,清华大学出版社
 数据化管理：洞悉零售及电子商务运营（全彩） ,黄成明,¥43.40,电子工业出版社
 自学是门手艺：没有自学能力的人没有未来 李笑来公开跨界成功秘诀！零基础自学编程，从Python起步,李笑来,¥54.40,电子工业出版社
 Vue.js 3.x+Element Plus前端开发实战 一本资深Web前端开发工程师编写的Element Plus框架书,趣千厘,¥99.00,清华大学出版社
 因果推断与机器学习 ,郭若城,¥64.90,电子工业出版社
" eNSP网络技术与应用从基础到实战 全程操作视频，技术大牛大阮晓龙老师力作,一站式掌握，立体学习资源，突出工程化训练，轻松脱离业余级别，",许成刚,¥68.00,水利水电出版社
 数据仓库工具箱(第3版)——维度建模权威指南 维度建模技术、模式和实践，14个案例涉及零售业、电子商务、客户关系管理、采购、库存、订单管理、会计、人力资源、金融服务、医疗卫生、保险、教育、电信和运输等,Ralph,¥59.20,清华大学出版社
 ANSYS Workbench有限元分析实例详解（动力学） 有限元理论和工程实践紧密结合的典范 解决ANSYS Workbench动力学分析实际操作和工程问题数值模拟 模态分析的基础教程 配套资源丰富,周炬,¥85.40,人民邮电出版社
 计算机是怎样跑起来的 计算机网络概论图解趣味版 网络基础知识书籍 菜鸟程序员入门书籍,矢泽久雄,¥44.80,人民邮电出版社
 和秋叶一起学 秒懂WPS演示文稿 WPS演示文稿PPT教程书籍教PPT设计思维，基础操作+实战应用，由易到难分类整理PPT高频应用技巧，解答职场常见操作难题，赠送配套讲解视频、演示模板及资料包。,秋叶,¥37.10,人民邮电出版社
 DaVinci Resolve 18 达芬奇视频剪辑与调色 案例的操作步骤中穿插了大量扩展知识和相关技巧，全面讲解了DaVinci Resolve的各项功能。,王岩,¥74.20,清华大学出版社
 机器视觉技术基础 零基础机器视觉及应用入门书。HALCON软件应用指南。人工智能学习技术。,肖苏华,¥69.00,化学工业出版社
 人工智能与ChatGPT（新时代·科技新物种） 一本书全面掌握ChatGPT，既有向ChatGPT提问的技巧， 也有构建自己的ChatGPT模型的方法，涵盖开发背景、关联技术、使用方法、应用形式、实用案例等,范煜,¥74.20,清华大学出版社
 深度学习计算机视觉 计算机如何“理解”它所“看到”的东西?本书试图将深度学习应用于计算机视觉以回答该问题。随书赠送源代码和附录，获取地址见书封底二维码。,穆罕默德·埃尔根迪,¥128.00,清华大学出版社
 R语言数据可视化之美：专业图表绘制指南（增强版） ggplot2开发者HadleyWickham力荐，基于R快速生成约230张专业图表，ggplot2、plot3D、base、lattice等包，增加地理空间型图表等。,张杰,¥87.40,电子工业出版社
 信息简史（第九届文津图书奖获奖作品，小米董事长雷军、《浪潮之巅》作者吴军作序推荐） 百万级销量科普畅销书作家詹姆斯格雷克七年磨一剑，带来一段人类与信息遭遇的波澜壮阔的历史，告诉我们如何在信息时代的信息爆炸中生存,格雷克,¥51.30,人民邮电出版社
 深入理解Linux网络： 修炼底层内功，掌握高性能原理（配Java、C++实验代码） 打造高性能应用的硬核建议，高频工程实践问题解决方案，助你清扫性能误区，探寻底层原理，应对校招、社招、晋升考核，用底层内功对抗中年焦虑。腾讯、小米等技术专家齐赞,张彦飞,¥64.90,电子工业出版社
 Procreate数字绘画从入门到精通 iPad手绘Procreate数字绘画从入门到精通迪斯尼角色设计科幻幻想题材游戏动漫主题手绘技法,3dtotal,¥108.00,电子工业出版社
 C语言程序设计（第4版）-教材将封面 ,何钦铭,¥34.10,高等教育出版社
 The Little SAS Book 中文版 统计分析和数据挖掘领域风靡全球20多年的“圣经级”经典小黄书《The Little SAS Book》引进中文版，SAS中国公司官方支持。SAS公司联合创始人古德奈特、中国人民大学陈忠阳、中信银行梁建,Lora,¥74.80,清华大学出版社
 数据治理：工业企业数字化转型之道 数据治理|数字化转型|中国工程院院士等多位专家荐读，14个工业企业案例，本书既具有国际性理论高度，也具备面向中国工业企业的实操性,祝守宇,¥86.90,电子工业出版社
 PS教程：迅速提升Photoshop核心技术的100个关键技能 Adobe公司的PS入门教程：涵盖选区/图层/文字/路径/通道/蒙版/抠图/修图/调色/特效/合成/高效处理图像等关键技能,凤凰高新教育,¥94.10,北京大学出版社
 剑指Offer：名企面试官精讲典型编程题（第2版） 继英文版登陆全球市场后又迎来重大升级 加大题量+更新题目+优化解法+融合中外 第二版重磅升级,何海涛,¥35.70,电子工业出版社
 一本书读懂AIGC：ChatGPT、AI绘画、智能文明与生产力变革 ChatGPT会让我们失业吗？这些AIGC工具能给我们的工作和生活带来什么变化？22位AIGC领域专家历时半年编写完成！让你系统地了解什么是人们热议的AIGC，在AIGC时代我们如何应对！AIGC科普,a15a,¥43.40,电子工业出版社
 About Face 4交互设计精髓（纪念版）用户体验行业圣经 交互设计先驱之作 交互设计先驱之作+VB之父经典著作+20余年影响力延续大作+交互设计者\uxer\产品经理\创新设计者从业圣经——只为更好的用户体验,Alan,¥70.40,电子工业出版社
 PyTorch 2.0深度学习从零开始学 实战中文情感分类、拼音汉字转化、中文文本分类、拼音汉字翻译、强化学习、语音唤醒、人脸识别,王晓华,¥51.70,清华大学出版社
 Scratch少儿趣味编程100例全彩版 Scratch 3.0零基础启蒙 43小时独家视频讲解 小学生趣味编程 教孩子 50万粉丝少儿编程教育大V力作，43小时2580分钟全程视频讲解，100个趣味实例演示，全彩全图印刷，多元化学习服务，带孩子轻松学！AI时代，会编程的孩子不会输！,爱编程的魏校长,¥89.80,水利水电出版社
 为什么伟大不能被计划 OpenAI肯尼斯斯坦利乔尔雷曼人工智能思维课底层逻辑和认知创新思维训练与方法认知觉醒哲学思维启蒙 新华书店正版，关注店铺成为会员可享店铺专属优惠，团购客户请咨询在线客服！,肯尼斯·斯坦利,¥38.70,中译出版社
 芯片浪潮： 纳米工艺背后的全球竞争 摩尔定律进化史|纳米工艺的全球角逐史|芯片制造领袖人物的商战史,余盛,¥66.70,电子工业出版社
 父与子的编程之旅 与小卡特一起学Python 第3版（全彩印刷） Python青少年编程启蒙畅销书全新升级，问答式讲解，从孩子的视角展现逻辑思维过程，寓教于乐，趣味游戏与编程知识无缝衔接，全彩印刷,沃伦·桑德,¥94.10,人民邮电出版社
 驾驭ChatGPT：学会使用提示词 学会使用提示词，是未来每个人与ChatGPT及AI作画相处的基本技能,Shom,¥37.40,电子工业出版社
 SSM + Spring Boot + Vue.js 3全栈开发从入门到实战（微课视频版） （1）内容系统全面 （2）精心设计大量实例和案例。 （3）配套资源丰富。,陈恒,¥75.40,清华大学出版社
 TikTok运营实战 一本书讲清TikTok电商完整链路；国内早入局TikTok电商【领军人物】撰写；TikTok运营教材；交个朋友海外电商学苑官方指定用书；抖音国际版流量变现,陶境峰,¥48.90,电子工业出版社
 中小学Python编程项目学习创意课堂（微课版） 青少年编程零基础入门，一线信息技术老师通过60多个项目案例教孩子入门、掌握Python语言编程的方法与技巧。随书配有案例素材、源文件、答案、PPT课件、教学微课等立体化资源，获取地址见书前言二维,方其桂,¥60.20,清华大学出版社
 JavaScript权威指南（第7版） 全球畅销25年JS犀牛书全新升级，涵盖ECMAScript2020|JavaScript高级程序设计从入门到精通，全体前端开发者案头手册,David,¥109.90,机械工业出版社
 硅基物语 AI写作高手：从零开始用ChatGPT学会写作 看清AI写作逻辑 讲透AI写作之道 看清AI写作逻辑，讲透AI写作之道；掌握写作黑科技，用AI引爆你的创作天赋；从0到1，教你巧用AI学会写作；突破写作困境，完成从写作小白到写作大神的蜕变,无戒,¥44.20,北京大学出版社
 软件设计师真题精析与命题密卷（全国计算机技术与软件专业技术资格考试） 2023软考通关，答案准确，解析深刻，浓缩著名一线软考讲师多年黄金经验,薛大龙,¥27.00,水利水电出版社
 WPS Office高效办公一本通：文字·表格·演示·PDF·脑图 WPS Office办公软件从入门到精通,博蓄诚品,¥69.00,化学工业出版社
 中文版Excel 2019高级VBA编程宝典(第9版) 一站式VBA充电站，借助VBA成为Excel高级用户。 助你从普通数据分析人员华丽蜕变为Excel编程专家。,迈克尔·亚力山大,¥96.70,清华大学出版社
 Halcon机器视觉算法原理与编程实战 Halcon圣经：对机器视觉图像处理的各种技术做了原理上的分析和代码实现，包括从环境搭建到提取结果全流程讲解（全彩印刷）,杨青,¥61.30,北京大学出版社
 零基础学Java（全彩版）Java新手入门自学教程 零基础自学编程的入门图书，由浅入深，详解Java语言的编程思想和核心技术，配同步视频教程和源代码，海量资源免费赠送,明日科技,¥68.40,吉林大学出版社
 动手玩转Scratch 3.0编程：人工智能科创教育指南 外版优质畅销书全面升级！Scratch 3.0编程，名师力荐，内容满足人工智能科创教育实践和STEAM创新教育实践需求，帮助读者玩转游戏、艺术、科学、数学各领域编程研发。,Majed,¥54.40,电子工业出版社
 用ChatGPT轻松玩转机器学习与深度学习 突破传统学习束缚，借助ChatGPT的神奇力量，解锁AI无限可能 段小手 突破传统学习束缚，借助ChatGPT的神奇力量，解锁AI无限可能！,段小手,¥66.70,北京大学出版社
" 火球——UML大战需求分析（第二版） UML中国UML认证专家委员会专家、“豆芽儿”CTO张传波老师力作,二十年UML研究及应用经验",张传波,¥68.00,水利水电出版社
 CUDA并行程序设计：GPU编程指南(CUDA社区技术总监撰写，英伟达官方认证工程师翻译) ,Shane,¥71.50,机械工业出版社
 机器学习常用算法速查手册 用Python处理结构化数据，本书代码经过精心剪裁，长度适中，以便你灵活将其运用到自己的项目中。,马特哈里森,¥86.20,中国电力出版社
 说服力 工作型PPT该这样做 别告诉我你懂PPT，和秋叶PPT学办公软件，视频教学教职场小白学现代商务办公PowerPoint幻灯片，快速走上PPT高手之路，搞定PPT设计思维，赠10G PPT素材下载和纸质PPT品控手册。,秦阳,¥69.80,人民邮电出版社
 IC芯片设计中的静态时序分析实践 终于有书讲明白了STA！ASIC设计，SDC、SDF、SPEF格式完整介绍,J.巴斯卡尔,¥101.20,机械工业出版社
 WPS函数与公式速查大全 双色图解+视频讲解，10余类200+常用函数一网打尽,博蓄诚品,¥128.00,化学工业出版社
 C语言从入门到精通（第6版） C语言入门经典，46万C程序员的入门选择。配备升级版C语言开发资源库，在线答疑，学习1小时，训练10小时，从入门到项目上线，打造全新学习生态。,明日科技,¥59.80,清华大学出版社
 PPT最强教科书：[完全版] 想学好PPT？看点有用的！热销系列新成员前来报到，123个好用的PPT办公场景常用技巧，效率提升不只一点点！,张栋,¥88.00,中国青年出版社
 启示录：打造用户喜爱的产品 ,Marty,¥39.20,华中科技大学出版社
 大话设计模式【Java溢彩加强版】 程杰作品。畅销15年的超级IT原创书焕然上市。全彩印刷，JAVA设计模式与面向对象观念同步养成。,程杰,¥129.00,清华大学出版社
 CCF中学生计算机程序设计-基础篇 浅显的描述揭示深刻的内涵，信息学国际教练，教你如何编程！CCF中学生计算机程序设计教材，noip竞赛参考书，中学生计算机编程经典教材，小学、初、高中计算机程序设计爱好者,中国计算机学会,¥28.50,科学出版社
 剪映短视频剪辑从入门到精通：调色+特效+字幕+配音 影视剪辑技巧 视频拍摄 视频制作 卡点配音 音频处理 后期特效 滤镜调色 转场 字幕 分屏,龙飞,¥78.00,化学工业出版社
 利用Python进行数据分析（原书第2版） Python数据分析经典畅销书全新升级，第1版中文版累计销售100000册 Python pandas创始人亲自执笔，Python语言的核心开发人员鼎立推荐 针对Python 3.6进行全面修订和更新,韦斯·麦金尼,¥77.40,机械工业出版社
 新印象 Unity 2020游戏开发基础与实战 Unity游戏开发教程，以技术讲解和项目实战为主，从Unity的基础操作讲解到游戏开发核心技术，丰富实战案例，附赠素材文件、1020分钟案例教学视频及300多分钟C#入门视频。,杜亚南,¥129.80,人民邮电出版社
 深度学习入门 基于Python的理论与实现 人工智能入门学习教程 日本深度学习入门书籍 基于python 3 从零创建一个深度学习模型,斋藤康毅,¥69.80,人民邮电出版社
 CCF中学生计算机程序设计提高篇 ,徐先友,¥33.70,科学出版社
 统计学习方法 实用性强，深入浅出，统计机器学习领域的建议读本,李航,¥74.00,清华大学出版社
 WPS Office办公应用从入门到精通（可视化完全自学，零基础快速入门，同步视频秒懂版） 高效办公实战版，零基础快速入门。全面网罗WPS Office知识点和操作，图文结合，直观细节；技巧干货，易学易会；案例引导，活学活用；由易到难，循序渐进技能。让你轻松实现高效办公，成为商务办公能手。,郭绍义,¥47.00,天津科学技术出版社
 Word/Excel/PPT办公应用从入门到精通 办公应用三合一，专门为初学者量身定做。以图解办公实务案例为基础，深入浅出、直观形象地讲解了三大办公软件的基本操作以及繁琐命令快捷化的实用技巧。让你轻松实现高效办公，短时间内轻松成为商务办公能手。,杨阳,¥53.90,天津科学技术出版社
 Power BI数据分析与可视化实战 PowerBI商业智能分析，微软MVP教你DAX语言、数据查询和数据建模，财务、HR、生产、销售数据看板美化案例，制作堪比商业海报效果的可视化报表,Excel,¥96.00,北京大学出版社
 编程启蒙：从Python走进编程世界 青少年编程入门，就选Python！超全、超实用的编程知识与技巧，带你趣味学Python，培养编程思维，终生受益。,李晋,¥49.30,中国商务出版社
 抖音+剪映+Premiere短视频制作从新手到高手 全彩印刷 超值附送88个视频，长达230分钟，扫码即可直接观看,王斐,¥59.20,清华大学出版社
 DAMA数据管理知识体系指南（原书第2版） 一本关于数据管理知识体系的专业指南和权威读物,DAMA,¥83.20,机械工业出版社
 人人都能拍大片：手机短视频制作技巧指南 手机短视频拍摄+剪辑一本通，短视频快速变现引流，宝妈兼职短视频小白快速上手，构图/运镜/色彩/剪辑，附赠110分钟教学视频。,空叶,¥69.90,人民邮电出版社
 信息学奥赛一本通关 基于少儿编程大背景，提供一条通往初中、高中、大学的上升通道。,蔡荣啸,¥96.00,清华大学出版社
 运镜师手册：短视频拍摄与脚本设计从入门到精通 1本书精通短视频拍摄运镜技能 轻松玩转短视频拍摄与脚本设计 木白 短视频运镜魔法书：75种运镜技法+110集同步教学视频+精美的PPT课件，28万粉丝都喜欢的短视频拍摄技巧，让你快速成长为行业大咖,木白,¥66.70,北京大学出版社
 UG NX 12.0中文版从入门到精通ug教程ug建模ug模具设计ug12曲面设计钣金草图设计工程图数控编程数控加工ca UG实例视频教程 手机扫码看278节同步教学视频 546页正文内容 90个实战实例分析 12大行业应用案例 188页拓展电子书 基础知识+中小实例+综合案例+视频讲解 零基础工程设计快速入门！,天工在线,¥88.00,水利水电出版社
 由浅入深学习SAP财务 由浅入深学习SAP系统 财务分析 ERP系统 会计 资产 订单 获利分析 15年SAP项目实施和管理经验分享,高林旭,¥118.00,人民邮电出版社
 小学生学人工智能 stem书籍 青少年人工智能技术水平测试辅导书 人工智能神经网络和深度学习启蒙 AI入门指南 青少年人工智能入门书籍,范瑞峰,¥29.60,人民邮电出版社
 Excel应用大全 for Excel 365 & Excel 2021 Excel Home出品 函数图表VBA/Po Excel奠基之作：Excel Home多位微软全球MVP专家打造，精选Excel Home海量案例，讲授Excel多项绝密应用，披露Excel专家多年研究成果，全面揭秘Excel技术内幕,Excel,¥104.20,北京大学出版社
 代码大全2 最新中文纪念版 赠全彩检查清单册 软件开发奠基之作编程最佳实用指南 赠全彩英文剧本+检查清单合计 《软件开发》杂志Jolt大奖。大而全，洞悉软件构建精髓；优而先，兼顾行业实践研究；奠定硬核技术领导力的经典；庸常变身卓越的实用性指导,史蒂夫.麦康奈尔,¥256.00,清华大学出版社
 PPT设计思维：教你又好又快搞定幻灯片（第2版）（全彩印刷） 畅销书升级版，《PPT知识图谱》作者作品，被万千知友收藏的“旁门左道”PPT设计经验，拒绝炫耀技巧，只求又好又快地搞定幻灯片,邵云蛟,¥43.40,电子工业出版社
 啊哈！算法 算法入门书 算法导论学习指南 ACM和信息学竞赛备考宝典 一本轻松玩转算法和数据结构的超萌书 奥赛教练 微软亚洲研究院小伙伴啊哈磊埋头苦干的作品,啊哈磊,¥59.80,人民邮电出版社
 算法图解 像小说一样有趣的算法入门书 代码示例基于Python 熟练掌握算法设计与分析,巴尔加瓦,¥69.80,人民邮电出版社
 GraphPad Prism科技绘图与数据分析 GraphPad Prism 软件资深专家教你如何专注于数据中的故事，并创建令人惊叹的图形！,丁金滨,¥104.20,清华大学出版社
 Excel机器学习 不懂Python没关系，用Excel也能学机器学习。十余种常用机器学习方法，一步一步轻松学。免费下载Excel示例文件，边学边练。,周红,¥44.80,人民邮电出版社
 用数据讲故事（修订版） ,科尔·努斯鲍默·纳福利克,¥69.80,人民邮电出版社
 网络是怎样连接的 计算机网络概论图解趣味版 网络技术基础知识程序员入门进阶教程,户根勤,¥69.80,人民邮电出版社
 剪映：短、中、长视频剪辑全攻略（手机版+电脑版） 音频+字幕+特效+调色，应有尽有核心基础+短视频+中长视频，逐一攻克方法+技巧，举一反三赠送90+个教学视频赠送全书案例的素材和效果文件,构图君,¥52.30,清华大学出版社
 Scratch编程入门与算法进阶 第2版 ,中国电子学会,¥79.00,人民邮电出版社
 CST仿真设计理论与实践 把仿真实例将理论与工程应用紧密结合，针对不同研究方向全面讲解了CST 的仿真技巧。随书附赠教学课件，获取地址见书前言二维码，教材服务QQ：1815317009,张晓,¥73.50,清华大学出版社
 华为数字化转型之道 华为官方出品 华为官方出品！华为轮值董事长郭平、CIO陶景文推荐。首次对外公开华为数字化转型方法论与实践经验。学透华为管理“新方向”，看懂企业数字化转型“新变革”。2022登峰图书奖十大好书。,华为企业架构与变革管理部,¥119.80,机械工业出版社
 硅基物语.AI大爆炸：ChatGPT—AIGC—GPT-X—AGI进化—魔法时代—人类未来 漫画ChatGPT与AIGC：用趣味解读AI大爆炸，用智慧开启AI新纪元,量子学派@ChatGPT,¥66.70,北京大学出版社
 JavaScript高级程序设计 第4版 web前端开发经典教程，JS“红宝书”全新升级，入门+实战，涵盖ECMAScript 2019，提供教学视频+配套编程环境，可直接在线运行随书代码,马特·弗里斯比,¥129.00,人民邮电出版社
 CPU眼里的C/C++ 用独特的底层视角，重新审视编程的艺术，构建一个涵盖代码、指令、CPU、内存的软、硬件图景。,阿布编程,¥66.70,清华大学出版社
 C++ Primer中文版（第5版） C++学习头牌 全球读者千万 全面采用新标 技术影响力图书冠军,李普曼,¥83.20,电子工业出版社
 硅基物语 我是灵魂画手：一本书讲透AI绘画 看清AI底层逻辑，玩转AI顶级绘画 AI绘画圣手：用ChatGPT+Midjourney画出人类的灵魂与梦想，用Stable Diffusion+D-ID画出青春绚丽的渴望。激活每个人隐藏的绘画天赋，人人都能成为顶级绘画大师。,量子学派@ChatGPT,¥96.00,北京大学出版社
 操作系统导论 美国知名操作系统教材 紧紧围绕操作系统的三大主题元素--虚拟化 并发和持久性进行讲解,雷姆兹,¥99.00,人民邮电出版社
 ChatGPT时代：ChatGPT全能应用一本通 ChatGPT实战宝典+实操指南 ChatGPT实战宝典：150+案例带你轻松玩转大模型，教你秒超99%的人！,江涵丰,¥44.20,北京大学出版社
 ToB营销增长：B2B和SaaS市场人工作指南 ToB营销增长标准著作，800位专家好评，独创ToB营销增长模型，构建完整ToB知识体系，学习华为等企业经验,邹杨,¥81.70,机械工业出版社
 Excel函数与公式速查宝典教程（视频案例+彩色印刷） word excel ppt wps 办公软件自学教程 办公应用 手机扫码看474节18小时同步视频讲解+362个函数与公式解析+435个行业应用案例，赠37小时Word/Excel/PPT教学视频，Excel速查大全，随查随用,Excel精英部落,¥97.80,水利水电出版社
 秒懂AI写作：让你轻松成为写作高手 用AI有效写作，职场应用文、商业营销文案、新媒体写作、调查研究与论文、艺术创作等40多个AI写作案例，场景+方法+公式+总结四大层面，AI让你写得又快又好。,秋叶,¥59.80,人民邮电出版社
 ChatGPT进阶：提示工程入门 将AI转化为生产工具，重塑您的工作流 爆火全网的原创提示词设计框架BROKE，带你5步掌握向人工智能提问的艺术，从小白变身ChatGPT应用专家，将AI转化为生产工具，重塑你的工作流！,陈颢鹏,¥44.20,北京大学出版社
 秒懂AI提问：让人工智能成为你的效率神器 精心提炼20种GPT提问方法及指令，从入门到进阶再到精通，100个案例带你玩转GPT，掌握高效AI提问方法，充分发挥GPT威力，好问题才有好答案,秋叶,¥59.80,人民邮电出版社
 毫无PS痕迹（第二版） photoshop2022 ps教程零基础 ps入门 ps教程2022 Photoshop2022新版，配1900分钟视频课精讲，打通选区、通道、蒙版的本质关联，图像处理，摄影后期，UI设计，“ACR+智能对象”实战讲解，Adobe认证PS讲师赵鹏15年呕心力作,赵鹏,¥98.00,水利水电出版社
 Android Studio开发实战：从零基础到App上线(第3版) Android经典畅销书全面升级更新，持续保持同类书畅销榜前列，一线企业内训首推、Android程序员热捧。,欧阳燊,¥111.60,清华大学出版社
 完全图解网络与信息安全 数据安全 黑客攻防从入门到精通 网络安全攻防技术 数据安全架构设计 一本计算机网络安全相关概念和 攻击方式、安全技术、防范对策、组织体制完全图解，全面学习网络与信息安全相关的知识，确保个人和周边的网络信息安全。,增井敏克,¥78.20,水利水电出版社
 人工智能从小白到大神 chatgpt聊天机器人 美国AAAS院士清华大学智能科学讲席教授张亚勤百度技术委员会理事长陈尚义 中国大数据应用联盟人工智能专家委员会主任、中国信息协会人工智能教育专家委员会主任刘鹏力作！用Python手工打造神经网络，带你彻底学懂和理解AI的原理与本质,刘鹏,¥88.00,水利水电出版社
 流畅的Python（第2版） Python编程好书新升级，基于Python3.10更新与修订。好评如潮的Python进阶指南，第1版中文版累计销量近8万册，带你深入理解Python语言核心特性与底层逻辑！,卢西亚诺·拉马略,¥199.80,人民邮电出版社
 重构 改善既有代码的设计 第2版 平装版 重构20年 世界软件开发大师MartinFowler的不朽经典 生动阐述重构原理和具体做法 普通程序员进阶到编程高手的修炼秘笈和代码整洁之道,马丁·福勒,¥99.00,人民邮电出版社
 计算机网络：自顶向下方法（原书第8版） 经典教材全新升级，被国内外数百所高校选用，被译为14种语言畅销全球,詹姆斯·F,¥96.70,机械工业出版社
 MySQL是怎样运行的 从根儿上理解MySQL 深入剖析MySQL必知必会高性能数据库运行数据分析与数据处理的书籍，采用200多幅图辅助讲解重点内容，提供彩图下载、公众号答疑服务，双色印刷。,小孩子4919,¥99.00,人民邮电出版社
 计算机底层的秘密 计算机底层的秘密-限量签名版,陆小风,¥64.90,电子工业出版社
 SPSS实战与统计思维 附赠全书实例完整数据集和SPSS入门学习视频 大数据方法论风靡全球 统计学应用更上一层楼 SPSS统计分析从入门到精通 统计分析大全 从统计学思维开始 由浅入深 全面系统讲解SPSS实战应用,武松,¥74.20,清华大学出版社
 智慧的疆界：从图灵机到人工智能 畅销书《深入理解Java虚拟机》作者新作，从奠基人物、历史事件、学术理论、研究成果、技术应用5维度展开,周志明,¥49.80,机械工业出版社
 数据库系统概念（原书第7版） 数据库系统的经典教材,亚伯拉罕,¥111.70,机械工业出版社
 玩转ChatGPT办公：秒懂AI提问+写作 当当套装2册 赠GPT Midjourney使用手册 ChatGPT时代，让AI成为你的效率神器，有效掌握AI提问方法，精确下达AI指令，从提问到写作，充分发货GPT威力,秋叶,¥119.60,人民邮电出版社
 自动调节系统解析与PID整定 ,白志刚,¥48.00,化学工业出版社
 Word/Excel/ PPT最强教科书【套装完全版】 系列新成员前来报到，128个超好用的Word办公场景常用技巧，123个好用的PPT办公场景常用技巧效率提升不只一点点！,张栋,¥244.50,中国青年出版社
 人工智能导论 面向非计算机专业的人工智能入门书籍，新一代信息技术丛书,李德毅,¥44.10,中国科学技术出版社
 Scratch少儿编程从入门到精通:案例视频版 中小学青少年编程儿童少儿编程 零基础学Scratch（全彩图解+高清视频 理论知识+示例讲解+思维导图+实战案例+配套视频+PPT课件+QQ群在线交流， 可以有效开拓孩子们思维、提升创意、训练专注力，同时提高创造力。,贾炜,¥89.00,北京理工大学出版社
 数据分析思维：分析方法和业务知识 数据分析思维：AI时代的通用能力，升职加薪的高维武器！,猴子·数据分析学院,¥99.00,清华大学出版社
 科技之巅3 麻省理工科技评论 100项全球突破性技术深度剖析 源自MIT的科技创新预言圣经 智能时代的黑科技进化论 科技创业投资行动指南 MITTR官方解读AI、机器人、能源材料、生物医疗、基因等技术，季维智、TomMitchell、徐文伟等重磅解读与推荐,麻省理工科技评论,¥99.00,人民邮电出版社
 从0到1 SQL即学即用 保姆级SQL教程，基于SQL标准编写，涵盖MySQL、SQL Server和Oracle三大主流DBMS语法差异，附赠配套PPT讲义练习题，适合教学/培训/自学/工作参考的数据库书籍,莫振杰,¥99.80,人民邮电出版社
 SPSS统计分析从入门到精通（第五版） 畅销书 重磅升级 掌握大数据分析工具成就专业高手,杨维忠,¥81.70,清华大学出版社
 利用ChatGPT进行数据分析 代表作累计销量10万册+作者，教你先人一步驾驭ChatGPT，内容循序渐进，真实案例即学即用，帮助你大幅提升数据分析效率，成为数据分析高手！,张俊红,¥59.80,人民邮电出版社
 深入浅出Python量化交易实战 你听说了吗？他们已经在用机器割“韭菜”啦！量化交易技术，让股市赚钱不再难。免费提供配套源程序+学习视频。简单易懂，即便是非金融或投资专业的读者也可以看懂,段小手,¥74.20,清华大学出版社
 OpenCV 4.5计算机视觉开发实战：基于Python 解析OpenCV图像与视频处理技术，实战停车场车牌识别、物体识别、运动跟踪、人脸检测案例,朱文伟,¥79.00,清华大学出版社
" 中文版 ANSYS Fluent 2022流体分析从入门到精通（实战案例版）流体计算ansys fluent数值计算方法 CAD/CAM/CAE/EDA专家编写,329分钟同步讲解视频+21个实例案例分析+源文件+赠送资源+在线交流",天工在线,¥89.80,水利水电出版社
 SEO实战密码——60天网站流量提高20倍（第4版） SEO行业专家Zac经典作品全新改版全面升级,昝辉,¥188.00,电子工业出版社
 Linux高性能网络详解：从DPDK、RDMA到XDP 细致剖析Linux高性能网络主流解决方案，涵盖DPDK和RDMA等当下热点技术，同时涉及前沿的XDP技术，深入理解Linux网络。,刘伟,¥118.80,人民邮电出版社
 ChatGPT使用指南：人人都应该掌握的AI最强工具 ai应用aigc智能经济chatGPTai革命ai未来进行式书籍 ,苏江,¥99.00,北京理工大学出版社
 调色全面精通：配色方法+照片调色+视频调色+电影调色 笔者多年电视台视频的调色经验，进行知识提炼，倾心、干货之作;既讲照片调色，又讲视频调色，帮助你全面精通照片与视频的双重调色;书中所有案例，提供了素材、效果和教学视频,周玉姣,¥59.80,清华大学出版社
 算法竞赛入门到进阶 ACM-ICPC、CCPC、中学NOI竞赛培训指南与知识点详解（附精讲视频） 120分钟视频讲解，讲解竞赛所常用的知识点，以及如何把知识点和竞赛题结合起来,罗勇军,¥44.80,清华大学出版社
 基于深度学习的生命科学 本书概述了深度学习在生命科学许多领域的应用，包括在遗传学、药物发现以及医学诊断中的应用,巴拉斯拉姆达,¥66.60,中国电力出版社
 硬件十万个为什么（无源器件篇） “从物理中来，到工程中去”，解决为什么要用、如何用、用哪种？中国科学院院士力荐。,朱晓明,¥70.40,北京大学出版社
 用户体验要素：以用户为中心的产品设计（原书第2版） 本书是AJAX之父的经典之作。,杰西,¥62.50,机械工业出版社
 动画视频+全彩图解 道路交通标志标线大全 新交规不枯燥，预防驾照扣分，标志标线一本通、彩色图解配套动画演示视频讲解，教学、培训、自学均可,郭建英,¥69.00,化学工业出版社
 奇点临近 畅销书《The Age of Spiritual Machines》作者又一力作 比尔?盖茨鼎力推荐,雷·库兹韦尔,¥74.20,机械工业出版社
 有效需求分析 ,徐锋,¥69.00,电子工业出版社
 AIGC未来已来 迈向通用人工智能时代 解读ChatGPT及AIGC的热点问题，洞察AIGC时代的机遇与隐忧 解读AIGC及ChatGPT的热点问题，洞察AIGC时代的机遇与隐忧，选好赛道，乘风而起！全彩印刷，涉及绘画、涉及、视频、诊疗、营销等多个赛道！,翟尤,¥52.30,人民邮电出版社
 程序员数学 用Python学透线性代数和微积分 500余幅图片+300余个练习，图文结合，边学边练，通过写代码，重新发现数学之美，提供配套源代码和本书彩色图片下载,保罗·奥兰德,¥97.30,人民邮电出版社
 Flask Web全栈开发实战 从Flask基础到Flask进阶，再到企业级论坛项目实战以及WebSocket在线聊天系统实战，囊括真实工作场景中绝大部分技术要点。原理讲解+项目驱动，让您真正实现从零基础到实战应用的飞跃。,黄勇,¥79.00,清华大学出版社
 Effective C++：改善程序与设计的55个具体做法（第三版）中文版（双色） ,Scott,¥48.90,电子工业出版社
 C#入门经典（第9版） 屡获殊荣的C#名著和优秀畅销书，更新至 C# 9.x 和 .NET 5.x。随书赠送源代码和习题答案，获取地址见书封底二维码。,本杰明·帕金斯,¥118.00,清华大学出版社
 Visual C#从入门到精通（第10版） 承袭Step by Step风格，完美演绎C#精髓；久经考验、深受国内外读者喜爱的入门经典,约翰·夏普,¥189.00,清华大学出版社
 漫画ChatGPT——小灰的AI之旅 ,魏梦舒,¥59.00,电子工业出版社
 手把手教你学51单片机——C语言版（第2版） 集理论知识、视频教程、教学课件与技术支持于一体的新形态教材！300多所高校选用、销售100000多册、第四届中国大学出版社优秀畅销书一等奖！,宋雪松,¥59.20,清华大学出版社
 谁说菜鸟不会数据分析（入门篇）（第4版） 谁说菜鸟不会数据分析（入门篇）（第4版）(博文视点出品) 影响海峡两岸数十万人的数据分析“小黄书”基于Excel2016多方位升级，沈浩教授、《数据化管理》作者黄成明、张文彤博士等抢先品读，小蚊子团,张文霖,¥37.90,电子工业出版社
 Python编程实战100例 100个编程实例 1390分钟视频讲解 核心编程应用 项目开发 python进阶 pyth 核心编程应用实例 图形界面编程 自动化编程 网络爬虫 数据库开发 多媒体处理 数据分析 人工智能编程,张晓,¥89.80,水利水电出版社
 运筹优化常用模型、算法及案例实战——Python+Java实现 主要讲述运筹优化领域常用的数学模型、精确算法以及相应的代码实现。,刘兴禄,¥96.00,清华大学出版社
 数据分析从入门到进阶 透彻讲解Excel、SQL、Tableau、Python四项数据分析必会工具，免费提供1GB数据集、源代码。,陈红波,¥59.90,机械工业出版社
 大疆TT教育无人机从入门到精通 涵盖大疆TT无人机的编程飞行 、多机编队、智慧感知、创意拓展、智能航拍等方面，配大量案例和代码,蔡冬冬,¥74.20,清华大学出版社
 有效竞品分析：好产品的竞品分析方法论 近20年经验总结，中国平安、华为、OPPO、三星、苏泊尔、美的等100余家中外企业都在用的竞品分析方法论,张在旺,¥59.20,机械工业出版社
" FPGA时序约束与分析 十五年FPGA开发经验, 将时序理论、时序工具、时序约束、时序分析，一网打尽！业界多位专家联袂推荐",吴厚航,¥51.70,清华大学出版社
 达芬奇影视调色全面精通：素材剪辑＋高级调色＋视频特效＋后期输出＋案例实战 抖音热门视频案例，从零开始学会制作；达芬奇调色核心技巧，一本书完全精通！5大模板内容，160多个案例，290多分钟同步操作高清语音视频演示！,周玉姣,¥74.20,清华大学出版社
 Arduino编程与硬件实现 Arduino + 电子元器件，软件+硬件 一本掌握,樊胜民,¥48.00,化学工业出版社
 深度生成模型（全彩） ChatGPT\Stable Diffusion\DALL-E\MidJourney等AIGC模型的技术基石，深学细悟筑基石，任凭风浪起，稳步迈进通用人工智能,Jakub,¥59.40,电子工业出版社
 剪映教程：3天成为短视频与Vlog剪辑高手 由剪映课程讲师针对20万学员喜欢的后期处理技巧精心讲解，14个专题内容，87个干货技巧，随书赠送30个短视频拍摄与Vlog运镜技巧手册，帮助读者快速成为短视频与Vlog拍摄达人。,龙飞,¥51.70,清华大学出版社
 CTF那些事儿 北航Lancet战队成员倾力打造，推出CTF实战技能全新学习框架,李舟军,¥149.20,机械工业出版社
 决胜B端：驱动数字化转型的产品经理（第2版） ,杨堃,¥55.00,电子工业出版社
 机器学习方法 ,李航,¥103.50,清华大学出版社
 HuggingFace自然语言处理详解——基于BERT中文模型的任务实战 系统讲解HuggingFace工具集，包括基础知识、实战示例及底层原理 ！内容全面、语言简洁、代码清晰,李福林,¥51.70,清华大学出版社
 一本书讲透数据治理：战略 方法 工具与实践 用友官方出品，用友集团董事长、DAMA中国区主席推荐，详述数据治理3个机制、8项举措、7种能力、7把利剑,用友平台与数据智能团队,¥96.70,机械工业出版社
 深入浅出通信原理 通信人家园论坛总点击量800万的神帖 七年磨一剑 被网友称为通信界的《明朝那些事儿》 与《大话通信》《大话无线通信》《大话移动通信》同基础全面的计算机IT学科普及书,陈爱军,¥66.70,清华大学出版社
 Head First Java 实战（第三版） 畅销10余年，累计销售30万余册，计算机图书十大好书之一,凯西·希拉,¥125.40,中国电力出版社
 AI魔法绘画：用Stable Diffusion挑战无限可能 全彩精美、内容详尽、案例丰富，基于Stable Diffusion进行AI绘画，包括绘画技巧、图片生成、提示词编写、插件讲解、模型训练、常用提示词中英文对照表等,陈然,¥70.40,电子工业出版社
 Web前端开发 HTML5+CSS3+JavaScript+Vue.js+jQuery 网页设计 网页制作 网站建设自学 名师力作、彩色印刷，手机扫码看272集（52小时）同步视频讲解+235个实例源码分析+16个综合实验+2个项目实战+30个思维导图，手把手教你轻松学会Web前端开发，赠课后习题及答案等。,刘兵,¥89.80,水利水电出版社
 完全图解计算机网络原理 计算机入门书籍图书 计算机程序设计艺术 深入浅出计算机网络 一本书涵盖网络基础、网络构成、网络通信语言、网络数据传输、网络安全技术等知识，全面快速了解计算机网络原理。,基恩,¥79.80,水利水电出版社
 编译原理（第2版）[龙书] 2020年图灵奖得主作品 ,Alfred,¥70.40,机械工业出版社
 C和指针 ,肯尼斯·里科,¥99.00,人民邮电出版社
 Kubernetes从入门到DevOps企业应用实战 从0到1，从零开始全面精通Kubernetes，助力企业DevOps应用实践,韩先超,¥96.00,清华大学出版社
 办公软件从入门到精通Word PPT Excel (全套3册 办公软件教程 零基础个人简历万能表格制作 工资会计做账公式 ,谭立新,¥19.80,汕头大学出版社
 Python3网络爬虫开发实战 第2版 Python之父推荐的爬虫入门到实战教程书籍，上一版销量近10万册，静觅博客博主崔庆才倾力打造，App端也能爬,崔庆才,¥139.80,人民邮电出版社
 这就是ChatGPT chatgpt4教程书籍aigc人工智能算法神经网络与深度学习aiopen深度机器学习gpt4.0 新华书店正版，关注店铺成为会员可享店铺专属优惠，团购客户请咨询在线客服！,斯蒂芬·沃尔弗拉姆,¥29.90,人民邮电出版社
 数学之美 第3版 吴军博士作品 IT领域数学启蒙书 人工智能深度学习 Google黑板报百万点击区块链量子通信知识文津奖 新华书店正版，关注店铺成为会员可享店铺专属优惠，团购客户请咨询在线客服！,吴军,¥34.50,人民邮电出版社
 Unity 3D从入门到实战 unity3d游戏开发 unity3d脚本编程 网络游戏实战 C#脚本开发 AR/VR元宇 Unity 2021全新版本Unity主程编写开发实战总结 从脚本编程到案例实战全栈式技能开发案例实战 元宇宙AR/VR虚拟仿真开发,张尧,¥105.80,水利水电出版社
 循序渐进Vue.js 3前端开发实战 教你活用Vue.js 3全家桶及周边框架构建商业应用,张益珲,¥59.80,清华大学出版社
 机器学习公式详解 人工智能领域中文的开山之作、周志华 西瓜书 机器学习 伴侣书，Datawhale开源协作学习笔记 南瓜书，机器学习初学小白提升数学基础能力的练习书！,谢文睿,¥44.80,人民邮电出版社
 中文版EPLAN P8 2022电气设计从入门到精通（实战案例版）eplan书籍 电气工程师书籍电气自动化书籍 epla CAD/CAM/CAE微视频讲解大系专家教程260分钟同步讲解视频+110个实例案例分析+赠送资源+在线交流,天工在线,¥89.80,水利水电出版社
 用ChatGPT与VBA一键搞定Excel 零基础小白轻松上手.有经验玩家迅速进阶 Excel Home出品 Excel Home全新力作，详解ChatGPT与 VBA在Excel中的超全实用技巧，精选海量VBA代码案例，全面揭示ChatGPT与 VBA的技术秘籍，技巧详解+示例实操，既适合普通用户“快速进阶,Excel,¥59.20,北京大学出版社
 程序是怎样跑起来的（第3版） 计算机组成原理图解趣味版，蹲马桶便能看懂的计算机和编程原理入门知识，网络是怎样连接的，计算机是怎样跑起来的姊妹篇，日文版重印41次,矢泽久雄,¥59.80,人民邮电出版社
 中文版Illustrator 2022从入门到精通（微课视频全彩版唯美世界）adobe illustrator ai完全 畅销百万册唯美系列新作专家教程 赠208集教学视频+149个实战案例+海量赠送资源+素材源文件+在线交流,唯美世界瞿颖建,¥128.00,水利水电出版社
 citespace:科技文本挖掘及可视化（第3版） ,李杰,¥95.30,首都经济贸易大学出版社
 中文版 LabVIEW 2020 从入门到精通 （实战案例版）（CAD/CAM/CAE微视频讲解大系）labview从零 中文版LabVIEW 2020从入门到精通 实战案例教程 labview图形化编程宝典 数据采集 信号处理 虚拟仪器设计与应用完全自学书籍,天工在线,¥89.80,水利水电出版社
 学习C++20（中文版） 畅销书持续迭代版本，荟萃C++面向对象程序设计秘笈 。循序渐进，深入浅出，轻松自然地引入面向对象程序设计的概念 。深度聚焦C++20，名师程序员为广大程序员精心设计的专业参考,保罗·J.戴特尔,¥178.50,清华大学出版社
 Excel+Python 飞速搞定数据分析与处理 零基础Python编程数据分析，Excel办公自动化处理，手把手教学，告别烦琐公式和VBA代码，办公人士也能轻松学习Python数据处理自动化，让你的Excel快得飞起来！,费利克斯,¥89.80,人民邮电出版社
 大势：站在十字路口的互联网行业 互联网深度观察大号【互联网怪盗团】全新力作；生成式AI（AIGC）、Web3.0、AI、XR、VR、AI绘画爆发，【shou部书】讲透互联网、科技行业未来发展路径 编辑推荐：,裴培,¥43.40,电子工业出版社
 BERT基础教程：Transformer大模型实战（一本书读懂火出圈的chatgpt！） 轻松上手NLP领域的里程碑式模型，了解chatgpt聊天机器人，内含200+张示意图，书中示例涵盖文本分类、问答等常见任务，逐步拆解复杂原理，小白也能看懂,苏达哈尔桑·拉维昌迪兰,¥67.30,人民邮电出版社
 高性能MySQL（第4版） 毫无争议的领域圣经十年后全版更新||彻底告别5.5全面拥抱8.0||重磅剖析现代云数据库与大规模运维实践||中国首批DBA精琢翻译5大头部国产数据库创始人联合力荐,Silvia,¥55.00,电子工业出版社
 3D科研绘图与学术图表绘制从入门到精通 一本书精通3D科研绘图与学术图表绘制的核心技术 李浩东 专业级3D科研绘图与学术图表绘制指南：以“设计基本概念+软件底层原理+案例实际操作”的思路进行全方位讲解，涵盖化学、材料学、生物医学等领域的科学可视化的艺术化表达。,李浩东,¥81.70,北京大学出版社
 深度学习：从基础到实践（上、下册） 本书采用通俗易懂的讲解方式，搭配近千张图例与示例，深入浅出的讲述了深度学习的基本概念与理论知识，不涉及复杂的数学内容，零基础小白也能轻松掌握！,安德鲁·格拉斯纳,¥199.80,人民邮电出版社
 轻松玩转Scratch 3.0编程（第2版） 快快乐乐学编程，编程中培养创新思维，赠送长达410分钟视频讲解,刘凤飞,¥66.70,清华大学出版社
 看漫画学Python：有趣、有料、好玩、好用（全彩版） 看漫画学Python，有趣、简单！提供配套视频、定期答疑，小灰、大胡子、臧秀涛等力赞！关东升、赵大羽力作,关东升,¥48.90,电子工业出版社
 Java从入门到精通（第7版） Java入门经典，95万Java程序员的入行选择。配备升级版Java开发资源库，在线大咖课+在线答疑，学习1小时，训练10小时，从入门到项目上线，打造全新学习生态。,明日科技,¥67.30,清华大学出版社
 剪映版剪辑师手册：视频剪辑与创作从入门到精通 本书精通剪映手机版+电脑版：60多个抖音爆款案例剖析+115集同步教学视频+330个练习素材文件+精美的PPT课件，28万粉丝都喜欢的剪辑与创作技巧，让你快速成长为行业大咖！,木白,¥66.70,北京大学出版社
 我在硅谷管芯片：芯片产品线经理生存指南 是一本详细描述芯片产品线生存指南的好书，作者以自己多年来在美国硅谷管理并参与芯片设计与芯片生产，到芯片的销售和管理以及芯片的升级维护等经历为大家展现了芯片行业的真实情景和实际运作的方法。,俞志宏,¥59.20,清华大学出版社
 Python王者归来（增强版） 台湾天龙书局科技榜霸榜3年TOP5。全彩印刷。以一敌十的Python全书=Python基础+函数设计+面向对象+计算机视觉+GUI+动画游戏+数据可视化+JSON大数据+Python办公+爬虫+人工智,洪锦魁,¥169.00,清华大学出版社
 Python机器学习基础教程 基于Python3的机器学习入门教程 以机器学习算法实践为重点 使用scikit-learn库从头构建机器学习应用 涵盖模型评估调参方法 交差验证网格搜索 管道概念及文本数据处理方法等内容,安德里亚斯,¥59.20,人民邮电出版社
 线性代数（原书第10版） Leon的线性代数入门经典教材，自1980年初版以来，畅销40多年，已经更新到第10版，中文版累计销售十几万册，配习题+答案。,史蒂文·J.利昂,¥74.20,机械工业出版社
 深度学习经典教程：深度学习+动手学深度学习（套装共2册） “花书”与沐神大作双剑合璧，入门深度学习看这一套就够了，来自一线科学家的经验总结，人工智能机器学习AI算法数据科学领域的重磅作品,Goodfellow,¥253.00,人民邮电出版社
 Python模块参考手册·系统与控制（全彩版） Python模块“手册”，262个快学快用，111个属性方法，两大核心模块，内置系统模块专用工具书。易查！易学！易用！,明日科技,¥26.90,吉林大学出版社
 手机短视频Vlog策划、拍摄、剪辑、运营、变现直播带货一本通 剪映短视频剪辑从入门到精通教程 短视频编辑与制作 创业运营 手机短视频百科全书：抖音头条小红书微信视频号淘宝微博知乎哔哩哔哩短视频策划拍摄、视频剪辑、运营变现直播带货流量暴涨教程零基础入门,唯美世界,¥97.80,水利水电出版社
 Python神经网络编程 ,塔里克·拉希德,¥59.80,人民邮电出版社
 原子嵌入式Linux驱动开发详解 本书配有数十个项目例程和源代码，并配有丰富的教学视频内容,左忠凯,¥169.00,清华大学出版社
 图解TCP/IP：第5版【原版畅销36万册！268张图解轻松入门】 图文并茂的网络管理技术书籍 TCP/IP圣经级教材 图解HTTP 图解网络硬件 图解机器学习 图解密码技术姊妹篇 原版畅销36万册,竹下隆史,¥69.00,人民邮电出版社
 大数据安全治理与防范——网址反欺诈实战 来自互联网一线大厂的业务安全指导书，从0到1学网址反欺诈，腾讯专业工程师分享千亿级网址安全对抗技术，带你掌握大数据安全思维下的网址反欺诈系统搭建！让你的网络世界更安全！,张凯,¥59.80,人民邮电出版社
 CG造型基础与创作·进阶篇 ,Victor,¥135.20,文化艺术出版社
 动手学强化学习 机器学习入门书籍，深度学习人工智能神经网络前端开发，上海交通大学ACM班创始人俞勇教授团队编写，由李航、李沐等多位业内领军人士力荐！,张伟楠,¥89.90,人民邮电出版社
 Excel VBA与宏最强教科书(完全版) 教学视频+全彩印刷+案例文件 电子表格制作教书籍 零基础从入门到精通 函数高 想学Excel VBA？看点有用的！130个好用的Excel VBA办公场景常用技巧，效率提升不只一点点！,国本温子,¥88.00,中国青年出版社
 剪映视频剪辑从小白到大师（电脑版） 一天变高手，vlog剪映教程技巧大全，全书扫码观看260分钟教学视频，68集效果+67个教程,龙飞,¥98.00,化学工业出版社
 Python数据结构与算法分析（第3版） 只有洞彻数据结构与算法，才能真正精通Python！热门计算机科学教材，华盛顿大学、北京大学等多家高校采用，让你在代码编写的战场上所向披靡！,布拉德利,¥74.80,人民邮电出版社
 我的第一本算法书 人人都能看懂的算法入门书 算法图解彩色版 从零开始趣学算法和数据结构,石田保辉,¥66.70,人民邮电出版社
 AI时代项目经理成长之道：ChatGPT让项目经理插上翅膀 项目管理新模式：一本专注于帮助项目经理在AI时代实现晋级、提高效率的图书。书中介绍了如何使用 ChatGPT 来完成项目管理的各个环节，并通过实战案例展示了 ChatGPT在实际项目管理中的应用方法。,关东升,¥59.20,北京大学出版社
 程序员的README 每名新入行的工程师在开始工作之前要阅读的书！10年+大型公司初级工程师指导经验的行业大咖教你如何开启职业生涯、扩展工作技能、应对糟糕管理，调整工作节奏！,克里斯·里科米尼,¥59.80,人民邮电出版社
 大话软件工程——需求分析与软件设计 架构师、需求工程师、项目经理、B端设计人员书,李鸿君,¥199.00,清华大学出版社
 Excel数据分析方法、技术与案例 萃取自海量商业数据分析实践，透彻解析Excel的数据分析用法，数据透视表函数公式数据可视化建模，财务、HR、生产、经营管理等实战数据分析模型。,羊依军,¥109.90,人民邮电出版社
 数据要素五论：信息、权属、价值、安全、交易 跨学科、多视野的角度，全面认识数字时代的入手点——数据要素,张平文,¥54.00,北京大学出版社
 ACM国际大学生程序设计竞赛：知识与入门 ,俞勇,¥26.40,清华大学出版社
 地理信息系统Arcgis 从基础到实践 视频案例教学arcgis 10.7编程开发GIS技术开发完全自学教材 大数据地理 ArcGIS 10.7*教程，163个配套操作视频，99个工具详细讲解，众多案例和打印工具,闫磊,¥89.00,水利水电出版社
 中文版Photoshop 2022完全自学教程 累计入库百万册的PS百科全书，470页全面解读Photoshop操作技巧，新增2022新版功能，331个实战案例、410个配套视频、635个免费设计素材、学习手册、PPT课件及作者答疑服务群。,李金明,¥119.90,人民邮电出版社
 AI超级个体：ChatGPT与AIGC实战指南 ChatGPT、AI数字人技术、Midjourney、StableDiffusion等工具能让你如虎添翼，被AI赋能，成为真正的超级个体,易洋,¥109.00,电子工业出版社
 Kali Linux渗透测试技术详解 【涵盖非常广泛！基于非常流行的Kali Linux系统，详解39款专用工具、38个实例，涵盖从安装配置，到信息收集和漏洞扫描及利用，再到权限提升及各种渗透测试等核心技术。信息安全人员】,杨波,¥45.10,清华大学出版社
 深入理解Java虚拟机：JVM高级特性与实践（第3版） 周志明虚拟机新作，第3版新增内容近50%，5个维度全面剖析JVM，大厂面试知识点全覆盖。与 Java编程思想、Effective Java、Java核心技术 堪称：Java四大名著,周志明,¥102.00,机械工业出版社
 漫画计算机原理 在异世界从零制造计算机 漫画展示计算机组成原理，青少年、成人计算机科普读物，如何制造计算机，计算机原理教学参考书,川添爱,¥52.30,人民邮电出版社
 ANSYS Workbench有限元分析实例详解 静力学 耗时两年写就 配套资源高达40GB 书中所有实例均来自工程实践 是有限元理论和工程实践紧密结合的典范,周炬,¥58.80,人民邮电出版社
 人工智能算法图解 人工智能初创公司创始人Rishal 帮你入门人工智能算法，只需具备高中数学水平和基础编程知识，两周内实现将人工智能算法嵌入手头项目。,里沙尔·赫班斯,¥88.00,清华大学出版社
 Simulink仿真及代码生成技术入门到精通 如果你将毕业，你肯定期望有一份体面的工作；如果你已经是工程师，你肯定期望拿到更高的薪酬。从Hyowinner这本书里汲取Simulink仿真及代码生成经验，用实在的技术去实现你的目标吧！,孙忠潇,¥54.60,北京航空航天大学出版社
 WPS Office 应用大全 WPS官方认证、金山高级副总裁庄湧作序 Excel Home出品 提供2016-2021 ExcelHome全新力作，介绍WPS Office超全实用技巧，精选海量WPS文档、表格、演示案例，全面揭示WPS office的技术秘籍，既适合普通用户“快速进阶”，又适合资深玩家“解锁大招”。,Excel,¥96.00,北京大学出版社
 机器学习中的统计思维（Python实现） 机器学习统计分析，以统计思维推动模型实现,董平,¥74.20,清华大学出版社
 交通时空大数据分析、挖掘与可视化（Python版） 全面梳 理总结交通大数据科研所需技能，并与交通领域的大量实际案例分析结合,余庆,¥169.00,清华大学出版社
 硬件十万个为什么（开发流程篇）中科院院士力荐 硬件开发全流程 硬件开发教程：“从物理中来，到工程中去”，解决从立项、需求……到研发管理等九大关键环节，全流程阐述硬件开发流程中的硬核技术及隐形成功经验！,王玉皞,¥66.70,北京大学出版社
 精通Transformer:从零开始构建最先进的NLP模型 未来引领人工智能世界的事Transformer而非ChatG Transformer——变形金刚红书，如果一定要说未来谁能引领人工智能世界，是Transformer而非chatGPT！,萨瓦斯·伊尔蒂利姆,¥74.20,北京理工大学出版社
 最强教科书系列：Excel函数与公式+宏+完全版 办公场景常用技巧，1-2页包含一个知识点，5分钟消化一个使用技巧，效率提升不只一点点,北见昭子,¥244.50,中国青年出版社
 云原生Kubernetes全栈架构师实战 超过60万学员热棒，一线K8s工程师潜心之作，众多业界专家力荐,杜宽,¥138.00,清华大学出版社
 C++少儿编程轻松学 写给中小学生的零基础教程 ,左凤鸣,¥59.80,人民邮电出版社
 数据科学基础 ,杨志强,¥47.30,高等教育出版社
 人工智能AI摄影与后期修图从小白到高手：Midjourney+Photoshop AI摄影绘画与后期修图从小白到高手：Midjourney+Photoshop，教你玩转人工智能！,龙飞,¥98.00,化学工业出版社
 跟李锐学Excel数据分析 Excel教程书籍，跟李锐学Excel课程同步图书，讲解Excel数据处理与分析技巧，内容涵盖数据导入、函数公式及数据透视表等，附赠练习文件、讲解视频、电子书及同步课程。,李锐,¥79.90,人民邮电出版社
 WPS Office高效办公：办公实战与技巧大全（8合1）金山官方认证技能 WPS软件详解 凤凰高新教育出品 金山官方认证技能：金山办公专家（KVP）通过源自实际工作的经典案例，教你用专业的方法轻松应对工作,凤凰高新教育,¥66.70,北京大学出版社
 代码整洁之道 鲍勃大叔作品，程序员，汇聚编程大师数十年编程生涯的心得体会，阐释如何解决软件开发人员、项目经理及软件项目领导们所面临的*棘手的问题; 软件开发领域为数不多的长经典著作,罗伯特·C,¥99.00,人民邮电出版社
 零基础入门学习Python（第2版）-微课视频版 Python 3.7编程轻松入门 小甲鱼畅销图书 实例贯穿全书 30小时视频讲解 轻松学会Python 累计销售13万册,小甲鱼,¥66.70,清华大学出版社
 数据库系统概论（第6版） ,王珊,¥44.20,高等教育出版社
 黑客与画家(10万册纪念版) 硅谷创业之父保罗·格雷厄姆畅销近20年文集，了解何为黑客精神、如何创造财富与开拓未来，互联网创业秘笈，奇绩创坛创始人兼CEO陆奇作序推荐，王小川、吴声、罗振宇等人联合推荐！,保罗·格雷厄姆,¥59.80,人民邮电出版社
 软件工程：从理论到实践 ,毛新军,¥47.20,高等教育出版社
 TypeScript编程 是深入学习TypeScript的不二之选。通过本书可以快速有效地掌握TypeScript的工具和生态系统。,鲍里斯切尔尼,¥86.20,中国电力出版社
 C++ Primer Plus 第6版 中文版习题解答 经典畅销图书《C++ Primer Plus（第6版）中文版》的学习伴侣，北京师范大学名师详细剖析所有题目，全面提升C++编程能力的优选编程练习册,史蒂芬,¥89.00,人民邮电出版社
 中文版solidworks2022从入门到精通完全自学教程 实战案例+视频教学 机械设计 工程图设计 零件与装配体设计 CAD/CAM/CAE专家编写960分钟同步视频讲解手把手教学70个实例案例分析,天工在线,¥89.80,水利水电出版社
 ANSYS Maxwell+Workbench 2021 电机多物理场耦合有限元分析从入门到工程实战 ANSYS Workbench有限元分析从入门到精通,刘慧娟,¥99.00,化学工业出版社
 别怕，Excel VBA其实很简单（第3版） ExcelHome出品 漫画办公技能 数据分析利器 一句顶一万句的“懒人心法”，教你一键搞定所有报表! 久经读者和市场检验的超级畅销书，升级！,ExcelHome,¥54.60,北京大学出版社
 Python自动化办公应用大全（ChatGPT版）：从零开始教编程小白一键搞定烦琐工作（上下册） Python办公自动化与ChatGPT智能办公：Excel Home多位微软专家MVP编写，大量实例介绍Python操作Excel、Word、PPT、PDF、邮件、网抓、视频、数据分析、数据可视化，A,Excel,¥104.20,北京大学出版社
 统计至简（概率统计全彩图解 + 微课 + Python编程） ,姜伟生,¥193.50,清华大学出版社
 知行：技术人的管理之路（第2版） 解锁管理智慧，掌握技术人的成功密码！刘建国新作，技术人做管理全流程操作指南，揭示技术管理者的困惑与挑战，带你踏上成功之路！,刘建国,¥89.80,人民邮电出版社
 wps office办公应用从入门到精通 WPS官方推荐完全自学教程 word ppt excel 函数与公式 办公软件 手机扫码看9小时同步视频 WPS官方作序推荐用书，提供2016、2019、MAC版官方软件下载 42个职场Word、Excel、PPT实用案例拿来即用，随书赠2本实物 电脑入门技能手册+快捷键速查手册,新时代教育,¥68.40,水利水电出版社
 深入理解LINUX内核（第三版） 为了彻底理解是什么使得Linux能正常运行以及其为何能在各种不同的系统中运行良好，你需要深入研究内核本质的部分。,博韦,¥96.00,中国电力出版社
 Excel表格制作与数据分析从入门到精通（微课视频版 高效办公）办公软件 数据处理与分析 函数与公式 vba excel 手机扫码看389集微视频讲解，256个行业应用案例，财务市场销售办公人员案头手册！Excel函数公式大全、Excel高效办公。附赠2000个常用模板+1100集Word/Excel/PPT赠送视频。,精英资讯,¥88.00,水利水电出版社
 Head First设计模式（第二版） 以一种不会让你打瞌睡的方式学会设计原则和模式，去解决软件设计问题，并用模式语言和团队的其他人说话。（经典之作，畅销十余年。版销售20万+册，赠送学习伴侣）,埃里克·弗里曼,¥125.40,中国电力出版社
 从平凡到非凡：PPT设计蜕变 wps office ppt书籍教程教材 ppt设计思维 ppt制作教程 Ppt 秒懂pp ,回航,¥68.40,水利水电出版社
 五笔字典 双色版 双色印刷 五笔打字教程工具书 五笔打字速成 提高打字速度 赠实用图表五笔字根表口诀和编码流程图,互联网,¥14.70,人民邮电出版社
 零基础玩转iPad数码水彩 Procreate插画入门教程 赠水彩笔刷纸纹 Procreate水彩教程 iPad水彩绘画教程,V脸喵,¥66.00,清华大学出版社
 架构师修炼之道 程序员升职加薪跳槽,Michael,¥97.90,华中科技大学出版社
 中文版 Cinema 4D R25 从入门到精通（微课视频全彩版唯美世界）C4D书籍教材新印象 c4d r25 c4d教 畅销百万册唯美系列新作专家教程156集视频+122个实例+配套源文件+实例素材+海量配套资源，三维建模+动画渲染+电商广告+影视动画+CG游戏+特效,唯美世界曹茂鹏,¥97.80,水利水电出版社
 MySQL必知必会 SQL必知必会作者力作，深入浅出MySQL高性能讲解技术内幕，紧贴实战需要，适用于广大软件开发和数据库管理人员学习参考,Forta,¥32.90,人民邮电出版社
 图神经网络：基础、前沿与应用 图神经网络GNN城堡书重磅上市，GNN领域专家学者吴凌飞、裴健、崔鹏、赵亮联合编撰，清华大学教授、中科院院士张钹作序推荐，众多大咖联袂推荐,吴凌飞,¥178.80,人民邮电出版社
 Vue.js设计与实现 Vue.js 官方团队成员霍春阳倾力打造，基于 Vue.js 3 深入解析 Vue.js 设计细节，Vue.js 作者尤雨溪作序推荐，本书提供源代码下载。,霍春阳,¥119.80,人民邮电出版社
 SPSS 28.0 统计分析从入门到精通（升级版） ,李昕,¥89.00,电子工业出版社
 和秋叶一起学：秒懂Word+Excel+PPT全彩新版（当当套装3册） 和秋叶一起学秒懂套装全彩升级版，秋叶团队全新力作，Office三合一，办公软件从入门到实战自学教程，整理职场高频问题与需求，随书赠送丰富学习资源。,秋叶,¥59.80,人民邮电出版社
 PLC结构化文本编程一本通 彩色图解+视频讲解，PLC ST/SCL语言编程，支持西门子、三菱等PLC,赵春生,¥99.00,化学工业出版社
 Python从入门到实践（全彩版） Python零基础入门知识，全方位讲解turtle库，配套海量习题，可以作为国家青少年编程能力等级测试参考用书。,明日科技,¥88.00,吉林大学出版社
 华为数字化转型之道 华为企业架构与变革管理部官方出品 数字化转型方法和实践 华为数据之道姐妹篇 机械工业出版社 正版书籍 新华书店正版，关注店铺成为会员可享店铺专属优惠，团购客户请咨询在线客服！,华为企业架构与变革管理部,¥64.50,机械工业出版社
 Python GUI设计PyQt5从入门到实践（Qt5编程入门 数据可视化 Python3全彩版） 零基础入门PyQt5，基于Python3，手把手教你使用PyQt5设计PythonGUI窗体项目，更好的展现数据分析、爬虫、自动化测试、游戏等项目效果,明日科技,¥96.00,吉林大学出版社
 零基础学C语言（全彩版）C语言入门经典教程 双系统；双开发环境（VisualStudio和VisualC++6.0）;15小时视频；168个实例；168个练一练；从基础知识到完整项目！,明日科技,¥27.20,吉林大学出版社
 CANoe开发从入门到精通 采用*的CANoe 11.0版本，提供源代码及相关资料下载。,杨金升,¥66.70,清华大学出版社
 电脑组装与维修一本通 电脑硬件选购与组装+系统安装与优化+日常维护与维修，全彩视频图解,博蓄诚品,¥79.00,化学工业出版社
 大象——Thinking in UML（第二版） ,谭云杰,¥68.00,水利水电出版社
 图解HTTP Web开发工程师参考书目 172张图详解HTTP协议 涉及web安全及新技术动向 HTTP指南 图解TCP/IP图解网络硬件图解机器学习图解密码技术姊妹篇,上野,¥59.80,人民邮电出版社
 完全图解云计算云服务工作原理 通信技术计算机科普书 分布式服务 云计算概念入门 云服务器架构 云计算安全 云计算与大数据 从构建技术、驱动技术和安全等层面来解释云计算！涵盖过去、现在、未来的IT技术发展和具体示例！介绍实际业务应用场景中的发展动态和前沿动向！重点讲解商务人士开展业务需要的知识！,西村泰洋,¥68.40,水利水电出版社
 MATLAB2020从入门到精通实战案例+视频教程 matlab教程matlab数学建模matlab程序设计matlab 手机扫码看900分钟同步微视频讲解+ 406个实例案例分析，MATLAB入门教程、视频教程、自学教程，赠7大工程应用案例视频及源文件,天工在线,¥89.80,水利水电出版社
 AI降临：ChatGPT实战与商业变现 ChatGPT助力掘金，一个人的超级团队时代来临！,张永刚,¥98.00,化学工业出版社
 CDA一级认证教材—精益业务数据分析 描述性统计分析 业务分析 数据分析 数据思维 从入门到精通 数据红宝书 配合线上备考社区+快捷刷题小程序 让你入门轻松 备考无忧,数据科学研究院,¥59.90,电子工业出版社
 Unreal Engine 5从入门到精通 Unreal Engine 5从入门到精通（用一个综合实例贯穿全书，详解游戏基础逻辑的编写、蓝图、UI、AI、动画、C++开发等知识）,左未,¥81.40,中国铁道出版社
 C#从入门到精通（第6版） C#入门经典，销售12年，50万C#程序员、数百所高校选择，164集微课视频+236个应用示例+129个编程训练+97个实践练习,明日科技,¥74.80,清华大学出版社
 正版2册从零开始学做视频剪辑手机摄影从入门到精通入门教材拍照用光与构图技巧人物儿童自然风景旅游等零基础初书籍入门基础书籍 全2册 手机摄影从入门到精通+从零开始学做视频剪辑,赵辛睿,¥25.80,北京时代华文书局
 智能硬件项目教程——基于Arduino（第2版） ,中国电子学会,¥48.70,北京航空航天大学出版社
 老向讲工控--PLC编程手册 PLC编程大全，西门子PLC编程，三菱PLC编程，欧姆龙PLC编程，S7-1200，S7-1500,向晓汉,¥168.00,化学工业出版社
 巧用ChatGPT快速搞定数据分析 1分钟生成数据分析结果 朱宁 用ChatGPT颠覆数据分析，1分钟生成数据分析结果！30多个精心挑选的ChatGPT数据分析案例+50多种ChatGPT数据分析策略，涵盖从数据预处理到高级分析的全过程，助你在竞争激烈的环境中脱颖而,朱宁,¥51.70,北京大学出版社
 WPS表格实战技巧精粹 WPS官方认证 ExcelHome出品 全彩高效办公书 WPS官方认证技能：官方作序并令WPS内部员工都叫好的技法奇书，360度探索WPS表格精髓，全方位提升用户数据分析效率！,Excel,¥89.20,北京大学出版社
 极简时间管理：4倍效率实操方法，轻松实现“开挂”人生 从时间拖延、时间焦虑，到实现时间自由、掌控人生。 秋叶大叔、知名品牌人黄欢等大咖推崇备至的时间管理法。,毕嵘,¥78.00,电子工业出版社
 中文版MATLAB2022从入门到精通 实战案例视频教程版 matlab数学建模 matlab信号处理 工程绘图程序设计 MATLAB入门畅销经典 586分钟同步视频讲解413个实例案例分析 赠送7个大型工程案例+全书实例源文件，立体化教学 零基础快速入门,天工在线,¥89.80,水利水电出版社
 计算机组成原理（第3版） ,唐朔飞,¥37.50,高等教育出版社
 机器学习在算法交易中的应用（第2版）人工智能丛书 动手学深度学习强化学习 深入浅出python算法交易实战 量化交易 算 机器学习和金融投资图书作品，综合阐述机器学习算法在投资和交易领域中的实践应用。通过本书，读者可了解各种实用的机器学习算法，构建自己的预测模型，设计并评估自己的交易策略，更好地为投资和交易服务。,斯蒂芬·詹森,¥158.00,水利水电出版社
 短视频文案：创意策划、写作技巧和视觉优化 短视频运营，短视频文案策划、写作技巧全包含，轻松创作爆款短视频文案，打造超高点击量和变现力短视频,王小亦,¥59.00,化学工业出版社
 Python深度学习（第2版） 流行深度学习框架Keras之父执笔，涵盖Transformer架构等进展，文字生，简单方式解释复杂概念，不用一个数学公式，利用直觉自然入门深度学习,弗朗索瓦·肖莱,¥129.80,人民邮电出版社
 秒懂AI设计：人人都能成为设计高手 ,秋叶,¥52.30,人民邮电出版社
 Rust程序设计（第2版） Mozilla创始团队成员、资深系统程序员编写。Rust一本通，基于Rust 2021大版本，全面介绍Rust核心特性。大量案例，附赠源代码，助你成为Rust编程高手！,吉姆·布兰迪,¥134.80,人民邮电出版社
 iPad+Procreate古风插画设计与绘制教程 B站插画教学UP主倾力打造 林萍著 B站插画教学UP主倾力打造，手把手教零基础小白学习iPad+Procreate绘制古风插画，不走弯路，轻松掌握软件操作和4大插画创作主题。46个教学视频+20套本书案例配套色卡+50款古风插画专用纹理,林萍,¥59.20,北京大学出版社
 PID控制系统设计——使用MATLAB和Simulink仿真与分析 本书适合学生、研究者和工业实践者学习PID控制系统的设计和实现；同时涉及无人机PID控制，包括多旋翼无人机的数学模型、无人机的控制策略、无人机PID控制器的自动整定、无人机的增益调度PID控制器和无人,王六平,¥66.70,清华大学出版社
 Python树莓派开发从入门到精通 120个应用实例+5个行业项目案例+136集Python零基础扫盲课，零基础入门+范例导学+项目实战，轻松玩转树莓派。,明日科技,¥67.30,清华大学出版社
 Excel数据透视表应用大全 for Excel 365 & Excel 2019 ExcelHome全新讲授Excel数据透视表多项绝秘应用，全面揭秘数据透视表技术内幕，不需要任何公式与函数，教你在1分钟之内就能创建高级报表，赠送海量视频教程和案例练习文件等学习资源！,Excel,¥81.70,北京大学出版社
 名师讲科技前沿系列--图解芯片技术 打开芯片世界大门的钥匙,田民波,¥49.00,化学工业出版社
 扩散模型：生成式AI模型的理论、应用与代码实践 专家学者力荐的扩散模型参考图书，从理论、应用到代码实践，王小川、朱军、文继荣等大咖好评！,杨灵,¥48.90,电子工业出版社
 编码——隐匿在计算机软硬件背后的语言 ,Charles,¥48.90,电子工业出版社
